year,ethnicity,gender,IDOE Corp ID,15,25,35,125,225,235,255,365,370,395,515,615,630,665,670,750,755,815,940,1000,1010,1125,1170,1180,1300,1315,1375,1405,1560,1600,1620,1655,1730,1805,1835,1885,1910,1940,1970,2040,2100,2110,2120,2155,2260,2270,2275,2285,2305,2315,2395,2400,2435,2440,2455,2475,2645,2650,2725,2735,2765,2815,2825,2855,2865,2920,2940,2980,3005,3030,3060,3070,3115,3125,3135,3145,3160,3180,3190,3295,3305,3315,3325,3330,3405,3435,3445,3455,3470,3480,3490,3500,3625,3675,3695,3785,3815,3945,3995,4000,4015,4145,4205,4225,4245,4255,4315,4325,4335,4345,4415,4445,4525,4535,4580,4600,4615,4645,4650,4660,4670,4680,4700,4710,4720,4730,4740,4760,4805,4915,4925,4940,4945,5085,5245,5265,5275,5280,5300,5310,5330,5340,5350,5360,5370,5375,5380,5385,5400,5455,5470,5480,5485,5495,5525,5615,5625,5635,5705,5740,5835,5845,5855,5900,5910,5925,5930,5945,5995,6060,6065,6080,6155,6195,6325,6350,6375,6445,6460,6470,6510,6520,6550,6560,6590,6600,6620,6705,6715,6750,6755,6795,6820,6825,6835,6865,6895,6900,6910,7150,7175,7200,7205,7255,7285,7350,7360,7365,7385,7445,7525,7610,7615,7645,7715,7775,7855,7865,7875,7935,7945,7950,7995,8030,8045,8050,8060,8115,8130,8205,8215,8220,8305,8360,8375,8385,8435,8525,8535,8565,8665,8810,8820,9120,9315,9320,9325,9330,9380,9385,9445,9460,9545,9575,9610,9620,9625,9640,9650,9670,9705,9730,9790,9840,9875,9880,9885,9890,9905,9950
2014,American Indian,Female,,0,4,0,3,1,14,3,7,1,1,1,1,4,1,4,5,0,0,1,2,0,3,0,0,0,0,0,1,0,2,3,1,0,2,1,0,1,0,3,0,1,0,0,1,1,1,1,0,3,0,1,3,1,0,3,0,0,0,0,0,3,0,0,1,1,1,0,0,9,2,6,4,4,2,1,0,0,3,1,0,2,3,1,0,1,0,0,0,4,0,2,2,5,1,0,2,1,0,0,1,1,2,1,3,1,0,0,0,1,2,0,1,1,1,0,1,11,6,4,3,1,2,2,8,1,4,1,0,0,0,2,0,2,0,0,0,3,0,2,3,2,5,0,2,0,4,1,4,0,1,0,1,1,0,0,5,0,5,1,10,1,0,1,3,0,4,4,3,0,2,0,0,1,2,0,0,0,0,0,1,0,1,6,4,3,2,3,0,0,0,1,0,1,0,0,0,1,1,0,4,11,7,10,0,0,0,0,1,0,0,3,0,3,1,2,1,7,4,0,0,0,1,9,2,0,1,0,0,3,0,0,0,0,2,3,2,2,0,0,0,4,0,1,0,0,0,0,0,1,0,0,0,0,1,1,0,0,1,0,0,0,2,0,0,0,0,1,0,1,0
2014,American Indian,Male,,2,5,0,0,5,28,2,15,0,0,0,0,5,1,3,2,0,1,0,1,1,3,0,0,0,0,1,2,1,1,2,0,0,0,1,1,3,0,3,0,0,0,2,1,0,0,1,0,1,1,1,6,1,0,3,0,3,0,0,0,0,1,0,0,2,0,0,0,3,1,2,3,2,2,0,1,2,1,4,0,3,1,4,2,0,0,1,0,1,1,1,1,5,1,1,2,0,1,2,0,4,1,5,2,1,1,0,0,0,2,3,1,0,1,5,0,6,2,0,8,0,0,1,10,1,3,0,0,1,1,3,0,1,1,0,3,3,0,1,3,3,4,1,5,4,4,2,9,1,0,0,0,4,0,0,2,1,3,0,8,1,0,2,0,0,0,2,2,1,1,0,0,1,7,0,1,0,0,0,2,4,0,2,7,2,1,0,0,0,1,1,0,1,0,1,0,0,1,0,2,9,3,6,4,0,0,0,2,0,0,0,0,3,4,1,1,5,5,3,1,0,1,7,1,2,1,5,0,2,0,1,0,0,1,2,0,1,0,0,0,3,0,0,0,0,0,0,0,0,0,0,0,1,0,0,0,0,0,1,0,0,0,0,0,0,3,0,0,2,0
2014,Asian,Female,,1,2,2,41,33,164,102,62,1,3,1,1,28,4,4,0,0,5,6,0,9,2,2,1,0,1,0,0,1,1,3,0,1,2,10,0,12,2,12,0,0,4,6,3,2,6,9,4,22,6,2,26,0,1,4,0,3,1,1,2,2,1,1,6,10,1,1,1,156,20,259,19,2,10,16,1,1,0,1,0,21,56,2,30,0,1,4,0,2,5,7,22,6,5,1,3,1,2,4,2,0,44,23,10,12,4,0,0,3,2,18,1,1,0,1,12,57,0,1,28,0,2,5,5,8,12,60,1,2,1,4,0,14,1,0,0,6,0,5,36,41,283,31,15,60,23,0,15,8,0,0,3,6,1,0,1,3,3,3,73,1,1,2,0,0,7,2,3,0,4,1,0,1,3,0,5,0,2,1,15,3,0,11,23,2,5,1,0,0,0,2,2,0,2,2,0,6,2,2,1,72,5,31,2,1,0,4,8,0,0,0,2,3,1,0,2,9,38,70,1,3,1,38,30,1,2,1,0,30,0,3,0,1,2,1,11,2,1,0,4,4,0,0,0,28,2,2,1,0,10,1,0,0,0,2,8,14,0,10,1,2,0,3,0,1,0,0,0,10,0
2014,Asian,Male,,0,2,1,40,27,193,77,57,2,0,1,0,33,3,0,0,0,1,4,0,9,5,3,1,1,1,1,2,0,2,4,1,2,1,4,0,7,0,11,1,0,0,1,2,0,6,8,5,23,13,1,22,1,1,0,0,0,1,1,5,3,0,0,1,11,1,2,0,134,17,244,25,4,8,9,0,0,1,5,1,23,65,5,24,0,0,1,0,6,2,7,23,4,6,1,2,1,6,1,2,0,57,26,2,8,2,0,0,7,3,8,0,1,4,5,10,43,1,0,33,1,0,2,7,3,9,55,0,2,0,6,1,4,0,0,1,8,0,4,47,29,319,33,20,65,20,5,30,9,0,2,1,2,1,1,6,2,6,2,72,1,0,4,1,1,3,3,1,0,3,1,0,0,4,0,2,1,3,0,17,3,2,14,18,1,0,0,0,0,2,4,0,1,0,5,0,7,0,0,2,85,4,34,1,0,0,3,4,2,0,0,1,2,0,0,2,5,19,56,0,1,0,28,44,3,0,2,0,34,2,2,0,0,2,1,8,5,0,1,2,0,0,0,0,20,0,0,0,0,42,0,0,1,0,3,4,7,0,2,0,0,0,2,0,0,0,0,0,3,0
2014,Black,Female,,0,4,1,66,23,1075,236,36,0,3,1,0,11,4,1,0,1,0,6,12,188,2,3,0,0,0,1,4,1,0,1,2,0,1,1,0,9,0,194,0,0,0,0,2,3,69,4,4,242,24,6,99,0,1,0,0,0,0,1,11,0,2,0,4,123,0,0,0,235,26,83,36,0,1,40,1,0,1,2,3,114,142,2,22,0,0,3,2,2,3,13,158,3,13,1,2,1,3,12,2,8,7,13,8,19,1,2,0,6,5,18,0,1,1,5,693,76,5,101,17,281,11,65,525,41,45,54,6,1,0,255,0,20,0,4,1,217,2,101,64,988,171,994,920,727,889,24,1700,32,5,0,1,8,0,0,1,1,5,3,63,2,0,3,1,0,1,4,0,1,4,2,0,0,0,0,1,0,1,2,21,0,5,133,39,5,1,2,0,2,1,3,0,0,0,1,0,0,0,1,4,71,33,1014,3,0,2,0,10,1,2,0,0,1,0,0,0,125,45,14,0,0,0,496,113,0,8,1,1,16,1,1,0,2,1,1,72,1,0,1,1,3,85,203,0,4,2,9,25,4,27,116,235,82,66,5,6,10,3,120,110,33,19,38,0,8,40,144,4,51,0
2014,Black,Male,,0,6,1,52,24,1101,211,33,1,4,0,0,15,3,0,0,0,0,3,9,190,4,2,1,0,0,0,2,2,0,5,0,0,2,1,0,5,1,190,0,0,0,4,2,1,84,2,7,232,11,10,143,0,0,0,0,4,0,1,11,3,1,1,5,117,0,0,0,240,29,92,41,2,3,40,0,0,4,1,4,121,128,7,24,1,0,7,0,5,1,17,154,4,8,0,10,1,0,12,0,1,19,16,7,11,3,3,0,14,2,29,2,4,1,11,698,106,0,98,25,291,14,83,598,29,42,40,4,5,0,275,0,31,0,2,1,198,3,110,88,985,207,924,896,656,839,32,1639,58,4,0,1,7,0,0,7,0,5,8,75,3,1,8,2,0,2,5,0,1,2,2,1,0,3,0,0,0,0,2,22,1,6,136,37,9,1,0,1,1,0,4,0,1,3,0,0,1,0,1,5,66,40,971,0,2,2,0,10,0,4,2,0,4,0,0,1,127,64,13,2,2,0,499,116,2,3,1,0,22,2,2,0,1,3,2,82,4,0,0,4,3,143,197,0,4,3,7,29,16,20,96,217,65,53,6,9,6,6,69,104,42,22,25,0,9,47,113,2,31,0
2014,Hispanic,Female,,5,39,20,53,49,547,80,110,3,17,4,6,38,25,2,6,13,13,18,15,131,16,129,2,0,0,3,40,4,5,7,4,1,9,15,2,9,0,26,0,3,57,35,18,16,175,34,27,481,396,2,59,1,5,6,2,14,7,1,5,3,1,6,7,35,3,2,2,137,63,64,63,7,10,13,4,0,4,4,6,44,80,11,36,1,2,19,0,8,9,12,31,27,57,5,47,8,15,14,1,22,26,34,26,35,5,2,1,12,35,172,33,5,58,34,185,222,43,63,160,303,61,106,839,146,138,126,108,31,2,61,5,119,2,5,19,75,14,74,83,299,164,256,189,178,417,18,581,23,5,4,42,112,7,0,4,9,9,13,82,6,5,30,7,0,11,18,13,14,29,161,0,0,2,0,10,6,2,12,83,20,27,244,85,6,2,7,2,0,3,7,2,2,1,23,1,13,0,0,14,68,45,458,9,2,1,2,41,28,11,11,0,23,1,9,2,228,166,24,4,6,1,77,43,8,4,3,1,38,4,3,3,1,2,4,20,5,1,4,43,21,7,3,0,10,1,5,12,30,25,0,5,0,9,8,0,14,3,15,3,68,15,12,0,1,12,8,5,55,0
2014,Hispanic,Male,,9,50,20,63,28,575,83,127,3,21,2,11,30,19,5,4,20,12,28,13,110,12,163,3,4,0,1,42,5,4,6,7,4,4,17,2,9,2,21,1,0,45,49,10,20,202,42,33,456,407,4,59,5,2,6,3,13,9,1,3,4,0,2,11,43,3,4,1,144,64,48,64,10,12,16,0,0,5,7,4,46,71,11,30,5,2,19,0,9,7,9,38,18,54,6,46,10,16,8,4,31,23,42,37,32,3,2,2,11,54,180,29,10,42,33,191,203,47,89,139,312,78,100,861,134,138,150,125,31,2,58,8,110,3,4,14,67,10,60,80,304,214,228,171,172,445,25,568,18,8,4,42,94,5,0,7,4,6,3,49,8,6,36,4,0,15,6,17,18,50,183,2,4,4,2,3,2,4,23,86,29,29,254,90,6,5,4,2,1,2,10,2,3,4,13,2,5,0,0,10,45,57,478,12,1,3,3,45,13,8,12,2,34,5,8,5,189,180,18,4,16,2,85,58,9,13,3,1,30,1,2,0,2,5,3,36,6,3,2,34,15,9,0,0,3,3,3,13,28,19,0,3,0,11,6,4,6,1,8,5,76,30,12,0,2,22,3,0,40,0
2014,Multiracial,Female,,0,2,8,40,42,278,57,81,2,2,7,4,22,13,7,1,2,8,13,9,125,8,5,2,1,0,6,18,4,4,22,7,5,2,11,3,13,4,75,2,1,1,2,7,11,72,15,15,133,23,15,106,2,1,3,1,9,1,2,16,2,2,4,18,78,6,0,0,109,27,100,26,5,14,25,1,6,2,18,6,37,75,9,10,1,6,33,3,3,3,12,95,20,25,1,6,5,9,10,1,14,29,20,17,18,1,1,0,11,15,9,12,4,15,8,81,64,5,14,33,1,7,6,61,17,11,26,5,15,0,61,2,46,2,20,2,47,4,23,50,154,98,99,106,110,129,21,119,9,5,1,4,6,8,4,12,7,10,13,104,3,4,14,6,0,17,13,4,2,11,1,0,7,1,0,2,2,1,3,26,15,3,72,39,22,1,8,6,2,5,5,0,3,3,0,1,4,0,0,12,51,37,221,2,3,1,0,18,3,6,2,0,15,3,5,4,67,74,11,3,7,5,270,128,10,7,1,0,44,4,2,5,2,5,2,89,14,1,0,4,13,19,16,0,6,3,6,6,8,2,0,6,0,8,2,4,6,2,29,6,4,7,4,0,6,12,4,3,51,0
2014,Multiracial,Male,,0,2,1,29,46,262,68,67,6,2,4,3,28,14,11,2,1,9,18,19,122,11,18,3,4,0,2,18,10,6,10,0,2,2,12,3,7,1,93,1,0,0,2,3,13,70,17,16,133,15,9,101,3,1,3,6,9,3,0,21,4,8,5,9,84,3,2,0,106,31,87,32,12,10,26,1,3,2,10,4,35,63,15,10,0,1,34,1,7,11,16,93,13,19,2,11,9,7,10,1,13,19,25,15,17,2,1,4,7,13,15,6,3,9,9,60,73,10,10,38,6,3,8,57,12,21,25,13,10,2,66,4,54,1,12,2,51,7,29,55,152,107,111,95,101,153,22,117,19,8,4,6,7,0,4,18,9,11,13,101,7,2,13,2,0,14,12,2,1,13,5,2,3,5,2,3,7,10,4,21,16,4,69,37,21,1,6,11,3,7,7,2,5,6,0,0,4,0,0,5,56,26,227,7,1,5,1,16,3,10,5,3,23,8,3,3,64,61,11,1,6,5,241,154,4,8,3,0,58,1,4,0,4,3,4,90,17,1,2,12,12,21,13,0,7,6,8,9,11,2,4,3,1,4,1,6,7,4,21,6,9,2,8,0,6,8,5,2,25,0
2014,Native Hawaiian or Other Pacific Islander,Female,,1,0,0,0,0,4,2,0,0,0,0,1,0,0,0,0,0,0,2,0,1,1,0,0,0,0,1,0,1,0,0,1,0,0,0,0,0,0,0,0,0,0,1,1,0,0,1,0,2,1,0,1,0,0,0,0,1,0,0,0,0,0,0,1,0,0,0,0,2,0,6,2,0,0,0,0,0,1,0,0,0,0,0,1,0,0,0,0,0,0,0,0,0,1,0,0,0,0,0,0,0,0,0,1,4,0,0,0,1,0,1,0,0,0,0,2,0,0,0,0,0,0,1,0,0,0,0,0,0,0,0,0,0,0,0,0,0,0,0,3,4,0,1,0,0,0,0,1,0,0,0,0,1,0,0,0,0,0,0,2,0,0,0,1,0,1,0,1,0,0,0,0,0,0,0,1,0,0,0,0,0,0,0,1,2,0,0,0,0,0,0,0,0,0,0,0,1,0,0,0,3,0,1,0,0,0,0,0,0,0,1,0,0,0,0,1,0,0,0,0,0,0,5,1,0,0,0,1,1,0,0,0,0,0,0,0,1,0,0,0,0,0,0,0,0,0,0,0,0,0,0,0,0,1,0,0,0,0,0,0,0,0,0,0,0,0,0,0,1,0
2014,Native Hawaiian or Other Pacific Islander,Male,,0,1,0,1,0,2,0,1,0,1,0,0,0,0,0,0,0,0,2,1,2,0,0,0,0,0,0,0,0,0,0,0,0,0,0,0,0,0,1,0,0,0,1,0,0,0,0,0,3,1,0,2,0,0,0,0,1,0,0,0,0,0,0,1,0,0,0,0,5,0,12,2,0,0,0,0,0,0,0,1,1,2,0,0,0,0,0,0,0,0,0,0,0,1,0,0,0,0,1,0,0,0,3,1,1,0,0,0,1,0,1,0,0,0,0,0,0,0,0,4,0,0,0,1,0,0,0,0,0,0,0,0,3,0,0,0,0,0,0,1,0,0,0,0,0,2,0,0,0,0,0,0,0,0,0,0,0,0,1,3,0,0,0,0,0,0,0,0,1,0,0,0,0,0,0,2,0,0,0,0,0,0,0,0,0,0,2,0,0,0,0,0,0,0,0,0,0,0,0,0,3,0,1,1,0,0,0,0,0,0,0,0,0,0,0,0,0,1,0,0,0,0,4,0,0,1,0,0,1,0,0,0,0,0,0,0,0,0,0,0,2,0,0,0,0,0,0,0,0,0,0,0,0,0,0,0,0,0,0,0,0,0,0,0,0,0,0,0,0,0
2014,White,Female,,190,313,167,962,884,2098,1117,1394,134,252,239,272,765,460,286,143,247,228,637,158,1065,622,247,143,209,101,134,283,680,426,250,302,326,193,522,127,361,133,608,140,229,217,488,263,257,464,577,364,924,427,505,1546,107,148,175,441,227,110,143,275,354,271,211,338,294,141,186,129,2217,775,1877,1174,499,690,468,178,113,312,453,291,965,990,355,680,75,226,504,191,240,200,377,646,798,526,245,496,219,523,483,192,706,759,1060,744,447,265,220,166,353,385,800,281,190,238,269,170,1122,499,137,1077,12,108,221,334,362,440,493,79,417,53,456,154,762,263,429,239,575,206,729,987,774,1333,175,592,683,965,332,381,125,108,73,197,410,142,141,306,231,278,334,1354,261,254,259,213,73,684,618,190,107,604,170,118,213,393,178,177,187,278,136,849,335,211,801,853,317,240,171,168,255,182,285,74,133,206,104,175,322,139,177,285,1389,624,1122,387,186,222,92,473,246,214,250,84,376,210,234,202,594,1396,260,147,237,214,2341,1855,203,320,207,168,1326,302,225,133,165,232,192,541,361,104,99,311,512,71,3,0,142,57,67,120,34,22,1,0,0,33,26,84,142,66,258,20,28,43,79,0,46,64,2,48,806,0
2014,White,Male,,187,317,167,927,939,2260,1155,1564,123,273,280,277,825,474,332,174,218,276,605,151,1171,626,249,140,231,111,142,310,633,467,266,326,339,202,590,148,341,115,642,146,216,202,495,291,239,464,593,355,970,435,543,1501,134,137,183,431,264,146,132,297,304,271,214,372,281,135,186,114,2188,799,1894,1169,550,697,481,203,120,309,452,284,965,947,405,680,99,215,523,192,268,224,353,622,838,519,295,475,267,523,471,188,687,777,1179,782,517,308,176,167,343,417,879,287,169,282,282,174,1203,567,131,1099,7,102,219,366,401,410,502,62,418,41,467,140,815,279,445,222,604,209,716,1040,843,1415,166,587,689,960,348,457,150,116,100,208,448,162,164,285,221,285,361,1443,300,243,275,218,65,799,663,222,110,526,183,122,216,418,160,203,185,276,165,877,331,230,852,872,357,252,189,184,257,191,263,56,149,237,121,179,368,138,220,291,1387,650,1186,383,198,214,101,540,281,202,265,79,396,214,269,239,565,1437,252,147,276,251,2437,1895,216,367,230,194,1476,290,255,150,175,265,207,549,359,123,129,326,475,62,1,0,104,74,63,107,40,11,0,0,0,26,53,77,95,76,165,18,45,43,110,0,54,74,4,28,558,0
2015,American Indian,Female,,0,2,2,3,2,13,5,8,1,1,1,1,3,0,3,4,0,0,1,2,1,5,0,0,0,0,0,1,0,3,3,1,0,1,1,0,1,0,1,0,1,0,2,1,1,0,2,0,3,1,0,3,1,0,2,0,1,0,0,1,2,0,0,0,2,1,1,0,10,1,7,3,3,1,3,0,0,1,1,0,2,4,1,1,1,0,1,0,3,0,2,1,5,0,0,2,1,0,0,1,3,3,1,3,2,0,1,0,0,2,0,3,1,0,0,2,10,4,3,4,1,1,2,8,1,7,0,0,0,0,3,0,2,0,0,0,2,0,1,2,5,2,0,4,1,3,0,3,0,0,0,0,0,0,0,5,0,7,0,6,1,0,1,1,0,5,3,2,0,2,0,0,0,2,0,1,2,0,0,0,0,1,4,3,0,1,2,0,1,0,1,0,0,0,0,0,1,1,1,6,12,5,11,0,0,0,0,3,0,0,2,0,3,0,2,0,5,4,0,0,0,1,9,3,0,2,0,0,4,0,0,0,0,0,2,1,0,0,0,0,6,0,0,0,0,0,0,0,1,0,0,0,0,0,0,0,0,1,1,0,0,0,1,0,0,1,0,0,4,0
2015,American Indian,Male,,2,5,0,0,4,17,3,15,0,0,0,1,4,0,4,2,0,0,1,1,2,3,0,0,0,0,1,1,1,0,0,1,0,0,0,1,3,0,6,0,1,1,0,1,1,0,0,0,2,1,1,6,1,0,1,0,4,0,0,0,0,1,0,0,2,0,0,0,1,0,5,3,2,1,2,2,2,1,5,0,3,1,5,4,0,0,1,0,0,1,1,1,5,2,2,0,0,0,2,0,2,1,3,0,0,0,0,0,1,2,2,2,0,2,5,1,5,0,0,10,0,0,1,8,2,2,0,0,0,1,5,0,1,1,0,1,4,0,3,2,2,4,1,4,2,1,2,4,0,0,0,2,3,0,0,3,0,7,1,7,1,0,2,0,0,0,2,2,1,0,0,0,1,4,0,1,0,0,0,2,3,0,3,6,2,1,0,0,0,1,1,0,1,0,1,0,0,0,1,3,9,2,8,4,0,0,0,2,0,0,1,0,2,0,1,0,4,3,0,0,0,1,9,1,2,1,4,0,5,0,0,0,0,1,2,1,1,0,0,0,3,0,0,0,1,0,1,1,0,1,0,0,1,1,0,0,0,0,1,0,0,0,0,0,0,2,0,0,2,0
2015,Asian,Female,,2,2,2,46,30,181,106,63,0,3,1,1,26,5,3,0,1,3,4,0,12,2,1,3,1,2,0,0,0,1,3,0,2,3,12,0,14,2,3,1,0,2,4,4,2,8,10,3,22,6,3,31,0,0,2,1,3,1,0,1,1,1,3,4,11,0,0,2,182,19,265,29,4,11,11,0,2,0,3,0,29,57,1,32,0,0,3,1,2,4,8,19,5,8,2,2,1,2,3,0,0,45,30,9,13,4,0,1,3,2,16,0,2,1,1,10,59,1,0,29,0,1,6,3,8,6,60,0,2,0,5,2,12,1,0,0,5,0,8,40,43,302,32,16,77,25,0,15,10,0,0,2,5,1,0,4,1,1,4,76,1,0,3,1,1,7,1,2,0,4,3,1,1,3,1,4,0,2,1,17,3,2,9,26,1,5,0,0,0,0,3,4,0,0,2,1,6,1,1,1,78,3,38,3,1,0,2,10,0,1,0,1,3,0,0,0,9,37,68,2,1,1,46,35,1,2,0,0,25,1,3,0,0,2,0,11,2,1,0,1,4,0,0,0,25,2,2,0,0,19,0,0,0,0,1,4,17,1,11,0,2,0,3,0,1,1,0,0,19,0
2015,Asian,Male,,0,1,2,39,29,203,82,73,3,0,1,0,33,4,1,0,0,2,5,0,8,2,2,1,3,2,0,4,1,3,2,0,4,2,3,0,6,0,8,2,0,1,3,2,0,8,8,6,28,10,1,28,1,2,0,0,1,1,1,4,1,0,0,0,9,1,0,0,145,22,253,21,4,10,8,0,0,2,3,0,26,67,5,21,1,0,1,0,7,0,9,28,4,9,1,1,1,4,1,3,0,56,23,8,11,5,0,0,4,3,7,1,1,1,2,13,46,1,0,34,1,0,4,5,5,5,50,0,0,0,5,1,6,0,1,1,4,1,5,46,35,362,37,26,58,22,5,27,11,0,1,2,2,0,1,4,2,2,2,71,1,0,3,2,1,5,1,2,0,6,2,0,1,3,0,2,1,0,0,19,2,2,9,19,1,2,0,0,0,1,3,0,0,1,4,0,8,0,0,2,91,4,35,0,1,0,1,4,1,1,0,2,0,0,0,1,5,12,56,0,1,1,25,52,3,0,2,0,35,2,2,0,0,5,2,4,2,1,0,2,1,0,0,0,20,0,0,0,0,44,1,0,0,0,3,5,8,2,4,0,0,0,2,0,0,2,0,0,8,0
2015,Black,Female,,0,2,1,69,23,1057,227,35,0,3,1,0,11,7,0,1,0,0,4,22,198,3,2,2,0,0,0,8,1,0,2,1,0,0,1,0,13,0,185,0,0,0,0,2,4,71,3,3,269,17,8,107,0,0,0,0,0,0,0,11,0,0,0,2,114,0,0,1,234,30,90,41,1,1,43,1,0,1,2,5,125,165,3,22,0,0,2,2,3,3,10,165,1,8,1,0,1,2,12,1,7,16,15,11,15,1,3,0,5,1,17,0,1,3,5,670,74,11,107,29,305,8,66,561,32,50,45,7,0,0,259,0,25,0,3,2,216,2,96,72,1036,171,1024,916,738,883,23,1566,48,4,0,1,6,0,1,6,1,8,3,69,4,0,2,0,0,3,4,1,1,5,3,0,1,0,0,0,0,1,6,26,0,7,134,37,5,1,2,0,2,1,2,0,1,1,1,0,0,0,1,3,70,35,944,3,0,3,0,7,1,2,1,0,2,0,0,0,125,42,19,0,0,0,459,119,0,7,2,0,16,2,1,0,2,1,1,75,3,0,1,2,2,78,197,0,5,1,8,28,10,29,148,216,90,96,7,8,11,1,120,93,30,11,32,0,13,34,101,43,60,0
2015,Black,Male,,0,4,4,52,22,1064,213,32,1,3,0,0,16,6,0,0,0,1,2,12,197,4,2,2,0,1,0,11,2,0,6,0,0,3,2,0,12,1,190,0,0,0,5,1,4,82,1,11,250,21,8,161,0,1,0,0,2,1,1,8,4,2,1,7,109,0,0,0,222,22,92,41,3,3,44,0,0,0,0,3,141,144,6,18,0,1,8,0,3,1,20,138,2,9,0,5,0,1,8,0,5,21,20,16,9,3,2,0,10,4,23,4,4,0,8,709,98,4,109,32,283,11,86,633,28,42,46,4,2,0,286,0,27,0,4,1,226,2,110,83,1039,191,963,963,701,820,30,1659,50,3,0,2,8,0,0,5,2,8,5,99,4,2,8,2,0,2,2,0,1,2,2,1,0,3,0,0,0,1,1,24,1,4,151,34,8,1,0,0,1,3,3,1,5,2,2,0,1,0,0,2,75,39,968,2,1,4,0,10,0,3,1,0,4,1,1,1,143,73,14,0,2,0,468,127,1,10,2,1,23,0,2,2,1,2,2,81,3,0,0,2,3,139,189,0,5,3,12,29,17,15,121,212,88,82,12,8,4,9,65,96,38,13,14,0,12,42,80,27,28,0
2015,Hispanic,Female,,5,42,19,58,41,586,80,122,1,27,4,3,38,29,4,5,14,12,17,13,146,14,147,0,0,0,2,35,2,4,7,6,5,10,16,3,9,0,23,2,2,69,46,15,20,191,50,29,527,397,5,58,1,6,6,4,13,4,1,4,4,2,7,11,36,5,4,1,156,74,73,69,6,14,13,2,0,7,5,5,42,109,7,33,1,1,21,0,8,9,9,35,25,68,3,49,6,18,18,3,20,35,34,30,42,4,2,0,13,35,172,36,8,52,39,200,221,54,76,170,268,68,90,870,144,151,151,117,40,3,63,8,128,2,9,22,79,9,75,71,340,195,311,184,220,446,30,626,18,7,4,46,128,8,0,4,13,7,14,82,6,7,35,6,0,11,13,13,11,39,164,0,2,2,0,8,6,5,13,92,24,31,230,75,6,3,6,2,3,3,5,2,4,2,26,2,14,2,2,12,70,44,463,13,5,4,5,50,28,10,12,0,30,1,8,0,227,191,22,5,5,2,83,45,11,5,2,3,36,4,3,2,1,0,6,33,5,1,5,47,19,13,3,0,9,1,5,14,26,31,2,4,1,13,10,1,13,3,20,7,68,17,12,0,0,12,3,10,73,0
2015,Hispanic,Male,,8,44,25,74,35,628,92,134,2,22,2,10,33,18,5,5,21,8,20,19,139,8,172,3,4,0,2,44,4,5,6,7,6,6,17,5,10,1,22,2,1,56,56,18,26,209,50,39,515,438,8,72,3,4,10,3,13,7,2,6,2,4,3,11,49,2,5,1,156,65,53,73,9,11,14,2,1,5,10,4,52,75,10,30,4,1,12,0,5,4,5,47,17,62,6,41,21,19,15,4,27,25,40,41,32,5,3,5,7,52,205,26,11,46,36,201,212,52,83,154,289,78,98,905,150,150,143,129,35,2,64,6,115,4,4,12,66,12,81,82,333,242,252,203,203,468,28,643,24,9,6,46,104,7,2,8,7,7,4,58,7,9,39,6,2,15,10,15,15,50,184,2,4,6,2,3,2,3,29,84,29,31,247,83,8,4,4,3,5,0,10,2,6,6,12,2,6,2,0,10,53,48,494,13,0,4,1,49,20,7,10,1,29,2,7,3,205,190,11,5,9,3,91,62,6,11,6,2,31,0,2,1,1,3,1,36,9,3,1,39,17,14,4,0,4,3,1,11,26,20,0,4,0,12,6,7,3,1,12,8,66,20,9,0,0,18,2,8,40,0
2015,Multiracial,Female,,0,3,4,45,36,304,66,77,3,3,6,5,21,13,5,2,2,4,17,10,119,7,6,4,1,0,2,16,9,5,17,7,6,2,13,4,15,3,71,0,2,1,6,6,15,67,15,12,141,22,17,105,2,1,4,2,9,1,1,20,1,3,6,16,75,4,1,1,138,31,92,33,9,16,24,0,6,3,18,4,46,79,8,11,1,3,25,3,8,7,14,100,21,30,1,5,3,7,9,2,11,29,28,20,21,1,1,0,16,16,14,8,5,15,6,74,70,10,18,25,1,8,6,47,13,13,27,6,16,0,71,2,54,2,19,4,48,6,32,45,163,105,109,104,125,134,25,118,9,4,2,5,7,7,3,18,5,14,18,94,2,5,14,7,0,17,17,4,2,10,3,1,5,5,0,1,4,0,3,34,12,4,67,40,23,3,9,8,2,7,9,1,7,5,0,3,4,0,0,10,61,33,244,4,3,4,2,23,4,6,2,0,13,2,5,4,57,70,12,2,4,4,287,132,7,4,2,1,44,3,4,6,1,6,4,93,13,2,2,9,10,14,4,0,9,3,7,7,8,2,3,4,1,10,2,6,8,4,30,4,7,3,6,0,4,11,3,17,52,0
2015,Multiracial,Male,,0,5,1,32,40,279,72,80,5,3,3,3,33,13,9,1,2,5,21,19,123,11,17,3,3,0,2,16,9,6,14,2,3,4,13,6,10,4,85,0,0,0,5,4,18,69,14,14,134,23,12,115,3,2,3,4,9,3,0,22,5,9,4,17,80,5,5,0,132,42,106,31,13,13,29,2,3,1,10,7,41,72,13,10,1,1,29,3,8,6,17,84,12,27,4,7,7,10,12,0,19,27,30,26,16,2,1,3,11,11,16,9,0,8,10,44,71,10,12,35,6,4,10,51,11,22,23,11,12,1,69,1,50,1,11,6,50,6,38,55,151,109,102,100,108,136,18,125,21,9,4,6,8,1,5,17,7,15,7,94,8,2,13,2,0,10,11,3,1,14,1,2,3,4,3,5,5,7,4,23,17,4,61,32,24,0,4,9,1,9,9,2,13,6,2,0,5,1,0,4,65,24,241,7,0,6,1,15,5,9,4,4,15,7,6,2,69,61,12,2,8,5,264,149,7,6,1,1,63,1,5,0,5,5,4,78,8,1,0,18,11,26,0,0,11,6,12,11,8,3,7,2,1,5,2,5,5,4,18,3,6,5,10,0,6,9,4,4,29,0
2015,Native Hawaiian or Other Pacific Islander,Female,,1,0,0,1,0,5,1,0,0,0,0,0,0,0,0,0,0,0,0,1,1,1,0,0,0,0,1,0,0,0,0,0,0,1,0,0,0,0,0,0,0,0,1,1,0,0,1,0,2,1,0,1,0,0,0,0,2,0,0,0,0,0,0,0,0,0,0,0,2,0,5,1,0,0,0,0,0,0,0,0,1,0,2,1,0,0,0,0,0,1,1,0,0,0,0,0,0,0,0,0,0,0,0,1,1,0,0,0,1,0,0,0,0,0,0,2,0,0,0,0,0,0,0,0,0,0,0,0,0,0,0,0,0,0,0,0,0,0,1,3,3,0,1,0,0,0,0,0,0,0,0,0,0,0,0,0,0,0,0,2,0,0,0,0,0,0,0,0,0,0,0,0,0,0,0,1,0,0,0,0,0,0,0,0,2,0,0,0,0,0,0,0,2,0,0,0,0,0,0,0,2,0,1,0,0,0,0,0,0,0,1,0,0,0,0,1,0,0,0,0,0,0,4,1,0,0,0,2,0,0,0,0,0,0,0,0,1,0,0,0,0,0,0,0,0,0,0,0,0,0,0,0,0,1,0,0,0,0,0,0,0,0,0,0,0,0,0,0,1,0
2015,Native Hawaiian or Other Pacific Islander,Male,,0,0,0,0,0,4,0,0,0,1,0,0,0,0,0,0,0,0,3,0,3,0,0,0,0,0,0,0,1,0,0,0,0,0,0,0,0,0,0,0,0,0,1,0,0,0,0,0,4,0,0,2,0,0,0,0,1,0,0,0,1,0,0,1,0,0,0,0,4,0,7,1,0,0,0,0,0,0,0,1,2,2,0,0,0,0,0,0,0,0,0,2,0,0,0,1,0,0,2,0,0,1,2,1,2,0,0,0,1,0,1,0,0,0,0,0,0,0,0,5,0,0,0,1,0,0,0,0,0,0,0,0,3,0,0,0,1,0,1,2,0,1,0,0,0,0,0,0,0,0,0,0,0,0,0,0,0,0,2,3,0,0,0,0,0,0,0,0,0,0,0,0,0,0,0,2,0,0,0,0,0,0,0,0,0,0,2,0,0,0,0,0,0,0,0,0,0,0,0,0,3,0,1,2,0,0,0,0,0,0,0,0,0,0,0,0,0,1,0,0,0,0,7,0,0,0,0,0,1,0,0,0,0,0,0,0,0,0,0,0,2,0,0,0,0,0,0,0,0,0,0,0,0,0,0,0,0,1,0,0,0,0,0,0,0,0,0,0,0,0
2015,White,Female,,166,298,176,931,921,2006,1101,1401,117,255,226,254,780,454,286,154,232,212,683,169,1058,619,242,159,211,89,136,280,658,435,249,317,332,166,504,132,356,139,524,125,210,215,486,255,243,460,566,362,889,444,520,1523,106,147,177,444,226,121,128,250,351,244,183,364,275,128,171,114,2325,796,1884,1156,507,666,480,187,103,314,425,273,971,969,362,675,86,185,509,171,255,193,387,649,767,526,248,480,255,516,455,208,667,739,1042,731,475,262,202,173,367,419,787,280,192,234,277,150,1141,480,128,1051,13,105,197,320,343,445,467,69,446,55,421,146,792,241,408,238,549,188,735,975,700,1293,162,543,618,930,354,364,136,98,71,198,406,144,130,288,215,281,370,1337,282,245,271,201,67,680,639,189,96,559,174,107,190,362,165,172,173,288,138,833,313,194,773,864,320,228,186,164,245,204,280,62,133,211,104,181,341,132,176,294,1386,588,1038,381,173,213,94,467,252,201,243,69,372,141,267,209,580,1390,224,128,232,224,2259,1804,221,334,194,159,1337,270,208,128,154,243,201,501,365,99,104,297,471,73,0,0,140,63,65,129,35,11,6,0,0,41,24,74,145,87,276,16,18,40,76,0,47,53,4,144,982,0
2015,White,Male,,179,296,154,957,962,2107,1162,1563,133,263,287,279,825,466,326,169,201,237,684,176,1135,601,240,144,259,106,151,293,614,433,292,322,358,196,616,146,338,112,580,151,196,209,464,273,221,495,601,362,959,454,529,1471,122,152,168,431,245,151,140,301,305,258,209,377,267,120,187,120,2274,826,1898,1191,533,692,499,220,123,325,448,290,955,1014,380,702,90,193,507,195,254,223,343,591,816,550,303,501,257,529,468,178,662,765,1187,733,521,313,165,167,355,415,853,282,177,274,310,152,1189,561,126,1086,8,103,210,330,381,433,499,68,416,50,450,148,794,257,458,240,622,187,738,1025,741,1368,165,539,667,917,375,444,136,117,93,187,443,136,160,275,230,307,383,1414,305,249,259,219,59,805,661,219,124,522,184,118,226,440,174,189,202,259,154,875,330,220,798,846,328,236,184,180,223,191,266,53,166,222,125,164,358,127,218,277,1398,669,1096,418,189,220,91,511,277,212,250,63,367,149,295,233,561,1403,250,159,293,250,2444,1891,218,381,203,193,1490,275,220,137,173,250,211,548,347,119,117,301,463,71,0,0,102,75,73,118,32,15,0,0,0,26,50,77,93,70,183,11,41,35,107,0,55,76,1,103,672,0
2016,American Indian,Female,,0,3,2,3,1,12,5,4,1,1,0,0,2,0,2,2,0,0,1,2,2,5,0,0,0,0,0,2,0,3,2,1,1,1,1,0,0,0,4,0,2,0,2,1,0,0,2,0,4,2,0,6,1,0,2,0,1,0,0,0,1,0,0,2,2,1,1,0,10,1,1,1,1,2,3,0,0,1,1,0,3,3,0,1,0,0,1,0,1,0,1,0,3,0,1,2,1,0,0,0,3,1,1,2,4,0,2,0,1,1,2,4,1,0,0,0,12,3,3,5,0,0,2,5,1,4,1,0,0,0,4,1,0,0,0,0,2,0,1,5,3,5,0,3,0,2,0,2,0,0,0,0,0,0,0,4,0,6,0,4,1,0,1,1,0,4,4,1,0,1,0,0,0,3,0,0,2,0,0,0,0,1,4,3,1,2,0,0,1,0,2,0,0,0,0,0,0,1,0,6,14,7,8,1,1,0,0,0,0,0,2,0,3,0,2,0,5,4,0,0,0,1,6,4,0,1,0,0,6,0,0,0,0,0,1,1,1,0,0,0,4,1,0,0,0,0,0,0,1,0,1,0,0,0,0,0,0,2,1,0,0,1,0,1,0,1,0,5,6,1
2016,American Indian,Male,,1,5,0,2,3,15,2,6,0,1,0,1,5,1,3,1,0,0,1,0,4,2,0,0,0,0,1,0,2,0,0,2,0,0,1,1,4,0,2,1,1,1,0,1,0,0,2,1,1,3,0,3,1,0,0,0,5,0,0,0,0,1,1,2,0,1,0,0,3,1,4,3,1,1,2,1,0,1,5,0,3,1,3,4,0,0,0,0,1,1,1,4,4,3,2,0,1,0,1,0,2,2,3,0,0,0,0,0,1,2,1,1,1,2,3,1,8,0,0,8,0,0,1,5,2,2,0,0,1,0,6,0,2,0,0,1,3,0,4,4,1,4,0,1,2,2,0,4,0,0,0,0,3,0,0,3,0,7,0,6,1,0,1,0,0,3,1,1,1,0,0,0,0,3,0,3,0,1,0,1,2,0,2,6,1,1,0,0,0,0,1,0,0,0,0,0,0,0,0,2,13,3,7,3,0,0,0,2,0,0,1,0,0,0,1,2,7,5,0,0,0,1,9,3,2,2,3,0,6,0,0,0,0,1,1,0,3,0,0,0,2,0,0,0,2,0,1,1,0,0,0,0,1,1,0,0,0,0,2,0,0,0,0,0,0,2,0,2,0,0
2016,Asian,Female,,0,4,2,51,39,189,86,59,0,3,2,2,38,3,4,0,0,2,8,1,12,1,2,3,2,2,0,0,1,1,3,1,3,0,9,0,13,1,2,1,0,2,6,4,1,7,10,4,24,9,0,38,0,0,3,3,3,2,1,2,5,1,1,5,7,0,2,1,193,26,292,40,4,13,16,0,2,0,2,0,30,60,1,32,0,0,6,1,1,4,11,24,4,9,3,3,1,2,2,0,0,44,39,13,17,2,0,1,3,3,16,3,4,1,4,9,55,1,0,35,0,1,4,2,7,4,52,0,1,0,6,1,9,1,1,0,4,0,4,40,35,336,31,13,87,24,4,13,14,0,0,1,6,2,1,5,1,1,2,87,1,0,4,2,1,7,1,1,0,4,1,2,1,7,1,4,2,2,1,20,2,2,8,27,0,5,0,0,0,1,6,2,0,0,2,0,7,1,1,1,89,2,42,2,5,1,4,9,2,0,0,1,2,0,0,2,11,45,73,3,0,2,54,30,0,2,2,0,29,1,1,0,0,2,1,11,6,1,0,2,5,0,0,0,27,1,2,0,0,19,0,0,0,0,2,2,23,1,13,0,1,1,1,29,1,1,0,2,19,0
2016,Asian,Male,,0,2,0,44,31,222,88,76,1,0,1,0,34,5,1,0,0,2,3,1,13,2,0,0,0,1,0,2,1,2,2,0,2,4,5,1,5,0,7,1,0,2,3,4,1,7,9,8,28,16,2,29,0,1,0,1,1,0,1,3,1,0,0,0,4,1,1,0,177,27,275,24,7,11,8,0,0,1,2,2,23,69,2,22,0,0,2,1,3,1,9,32,3,10,1,2,3,4,4,3,0,53,30,9,14,3,0,0,2,1,10,1,1,3,2,8,51,0,0,35,1,0,4,4,8,3,51,0,2,0,4,0,5,0,1,1,8,1,7,52,32,406,40,25,63,20,6,17,11,0,0,1,2,0,1,4,2,7,3,62,1,1,3,2,1,6,0,2,0,7,2,1,1,2,0,3,1,0,0,21,0,2,10,14,1,2,1,0,0,0,3,0,0,1,3,0,6,0,0,4,108,4,45,2,0,0,0,5,0,0,0,1,3,1,0,3,7,15,73,0,3,2,25,45,3,0,1,0,25,1,1,0,0,3,0,12,3,1,2,0,1,0,0,0,23,0,0,1,0,53,0,0,0,0,4,4,15,2,4,0,0,0,2,20,0,2,0,0,11,1
2016,Black,Female,,0,1,2,75,26,1037,247,40,0,0,1,0,14,8,0,2,0,0,4,24,208,2,3,3,1,0,0,7,0,0,0,0,1,2,1,0,12,1,197,0,0,1,0,3,7,69,3,6,292,15,7,108,0,0,0,0,0,0,0,17,2,2,0,2,117,0,0,3,236,36,86,48,1,4,42,1,0,1,2,5,134,172,4,26,0,1,3,2,5,1,10,158,4,4,1,1,1,2,10,0,5,22,18,12,12,1,4,0,5,2,24,0,4,1,4,697,87,9,126,35,318,10,77,617,33,54,51,7,0,0,263,0,29,1,1,1,209,1,95,84,1154,161,1043,994,771,874,32,1661,46,4,0,1,4,0,1,6,0,7,3,64,2,1,4,2,0,4,3,0,4,4,3,0,1,2,1,0,0,0,3,29,0,6,148,34,3,1,1,0,1,2,6,0,0,2,2,0,0,1,0,1,66,39,903,1,0,3,0,13,2,2,1,0,2,0,0,0,138,56,25,0,0,0,456,127,0,7,2,0,15,2,3,0,0,2,1,81,4,0,2,2,1,87,246,0,3,0,14,22,8,51,150,202,114,101,3,11,7,7,114,102,25,23,27,45,7,29,117,142,78,0
2016,Black,Male,,1,4,4,60,20,1012,224,39,0,1,0,0,19,9,0,0,0,4,4,18,206,4,1,3,0,1,0,7,1,0,6,0,1,3,0,0,10,0,188,0,0,1,3,2,3,78,4,9,257,24,5,152,0,0,0,0,3,1,2,9,4,1,1,12,126,0,0,0,231,28,94,48,5,2,49,1,0,0,1,4,142,172,5,13,0,0,9,0,3,0,24,144,7,10,0,4,2,0,14,1,3,22,17,12,6,2,2,0,12,2,26,2,4,0,7,739,111,7,116,35,289,13,93,656,29,45,50,2,2,0,309,0,34,0,7,0,234,4,99,99,1142,171,1006,994,718,837,29,1649,59,3,2,2,6,1,0,8,1,13,6,94,3,2,9,4,0,5,3,1,1,5,1,0,0,3,0,1,0,2,1,20,1,5,166,31,2,2,0,0,2,1,2,0,3,2,2,0,1,0,1,2,76,44,982,0,1,6,0,11,0,3,1,1,2,1,0,1,160,78,21,0,5,0,476,119,1,12,0,1,18,0,2,0,1,1,2,84,1,0,1,2,3,136,226,0,3,0,13,38,19,28,96,222,91,90,14,8,2,12,65,89,32,27,12,24,14,29,84,76,36,0
2016,Hispanic,Female,,4,39,20,59,45,593,103,156,1,28,6,6,35,29,5,6,21,11,25,15,153,14,176,2,0,1,4,44,2,8,7,3,6,13,14,4,12,1,17,4,2,72,59,15,21,225,57,34,566,409,4,61,0,7,6,3,12,2,0,4,5,7,8,12,41,4,5,1,181,76,82,69,9,22,14,1,2,5,6,5,47,109,5,31,2,1,18,0,9,9,11,38,19,105,3,44,8,22,20,4,15,34,34,33,49,5,4,1,17,57,197,42,10,53,40,188,223,59,87,175,295,61,94,863,136,157,168,117,39,3,59,5,126,3,10,13,92,13,98,83,348,239,345,213,247,525,32,714,25,6,6,58,140,8,1,10,15,8,17,88,7,6,37,5,0,13,11,8,9,36,166,1,4,2,1,8,3,6,18,96,28,35,252,96,8,5,5,2,3,3,5,0,5,5,28,3,16,1,2,10,83,48,471,11,3,3,3,61,24,9,13,1,41,3,7,1,237,208,17,6,7,2,92,46,15,9,7,3,31,5,2,2,1,1,5,53,7,2,5,43,17,18,3,0,10,1,6,14,21,39,1,4,1,12,7,2,8,3,28,11,80,23,15,23,0,11,7,74,104,1
2016,Hispanic,Male,,8,50,27,66,37,651,112,173,5,16,7,10,37,23,7,6,20,12,30,20,158,7,197,5,2,0,2,58,6,3,6,6,5,4,21,6,10,2,30,1,2,61,59,23,29,239,55,38,571,491,8,82,3,8,12,5,11,10,2,7,2,6,3,12,52,2,5,3,169,75,66,69,6,10,11,1,1,10,9,8,60,87,9,33,0,1,19,0,10,2,7,60,22,95,4,53,24,21,14,2,24,33,50,41,38,3,3,2,6,55,218,29,14,49,35,179,190,54,80,172,297,72,108,892,150,145,144,134,35,2,54,4,131,3,6,14,80,13,97,82,376,288,275,224,244,532,37,741,32,10,5,49,131,8,1,10,11,8,6,68,8,10,57,6,0,7,14,9,20,46,178,3,2,2,2,3,2,5,20,82,30,31,262,83,8,3,8,2,4,2,9,3,6,3,14,3,10,1,0,10,62,46,523,7,0,5,2,42,21,5,12,5,38,2,6,2,239,222,14,7,8,3,106,72,6,12,3,2,32,1,3,2,0,5,2,43,8,6,2,45,21,13,2,0,6,3,4,16,39,30,0,7,0,12,10,7,6,3,9,6,75,21,12,9,1,16,6,58,53,0
2016,Multiracial,Female,,1,4,4,44,34,328,75,82,1,2,4,4,23,16,7,0,4,2,17,15,122,10,7,4,0,0,3,14,12,5,17,8,8,0,24,6,19,6,66,0,2,1,4,5,13,59,19,11,129,22,23,92,3,2,5,2,10,1,1,22,3,0,4,17,71,3,1,3,149,32,91,36,12,21,23,1,7,2,18,4,48,76,8,10,0,5,23,2,11,10,13,85,21,29,4,5,2,7,6,4,8,32,34,21,23,2,1,0,14,13,9,10,6,11,6,64,61,13,15,22,1,9,8,46,13,13,28,4,12,0,74,4,44,4,19,4,58,7,31,62,150,96,113,115,122,147,23,108,9,0,3,5,5,6,3,15,5,12,19,97,3,2,11,5,0,21,29,1,1,6,4,1,2,9,1,2,5,0,3,36,13,4,58,37,16,3,8,5,5,9,13,0,9,5,1,3,4,0,0,6,65,40,259,4,0,5,1,23,3,7,3,0,19,3,5,4,50,73,16,3,3,3,320,141,6,8,2,2,43,2,5,6,1,8,5,81,12,1,2,11,13,7,4,0,12,3,6,7,6,4,3,3,0,8,1,9,6,6,37,5,6,5,4,8,4,17,7,41,59,0
2016,Multiracial,Male,,1,5,2,31,38,315,74,81,2,4,4,2,29,13,12,2,1,4,21,21,134,14,17,0,3,0,3,15,14,7,14,2,8,4,11,6,16,5,85,0,1,2,5,6,18,75,9,15,118,25,11,100,3,2,4,2,8,2,1,28,5,6,7,28,87,3,5,0,148,43,119,30,15,12,31,0,3,4,21,7,45,68,14,16,0,2,24,3,6,9,16,92,15,30,7,9,1,17,12,2,14,26,34,25,20,5,0,3,11,11,19,11,0,8,11,42,56,8,8,37,6,10,13,47,14,24,23,10,8,0,77,1,44,2,13,5,63,5,39,65,165,118,102,110,102,134,21,118,18,8,3,5,8,1,4,22,9,16,14,93,7,3,12,4,1,7,14,5,1,12,1,2,6,7,5,6,1,9,7,28,10,3,54,36,25,0,3,5,3,7,10,1,14,3,3,1,7,1,1,7,61,37,237,8,1,8,1,9,4,8,2,1,9,4,7,1,64,67,15,4,9,4,294,172,10,6,0,1,72,0,5,1,5,6,5,82,9,0,0,19,16,19,5,0,9,5,9,16,4,3,5,3,1,9,3,5,2,6,20,6,5,3,10,5,7,9,2,22,34,1
2016,Native Hawaiian or Other Pacific Islander,Female,,1,0,0,1,1,5,1,1,0,0,0,0,0,0,0,0,0,1,0,2,0,1,0,0,0,0,0,0,2,0,0,0,0,1,0,0,0,0,1,0,0,0,1,0,0,0,1,0,1,1,0,0,0,0,0,0,1,0,0,0,0,0,0,0,0,0,0,0,2,0,5,1,1,0,0,0,0,0,0,0,0,2,1,0,0,0,0,0,0,1,1,0,0,0,0,0,0,0,0,1,0,0,0,0,1,0,0,0,2,0,0,0,0,0,0,1,1,0,0,0,0,0,0,0,0,1,0,0,0,0,0,0,0,0,0,0,0,0,1,3,2,0,1,0,0,0,0,2,0,0,0,0,0,0,0,0,0,0,0,2,0,0,0,0,0,0,0,0,0,0,0,0,0,0,0,0,0,0,0,0,0,0,0,0,0,0,0,0,0,0,0,0,0,0,0,0,0,0,0,0,2,0,2,0,0,0,0,0,0,0,0,0,1,0,0,0,0,0,0,0,0,0,5,2,0,0,0,3,0,0,0,0,0,0,0,0,0,0,0,0,0,0,0,0,0,0,0,0,0,0,0,0,0,0,0,0,0,0,0,0,0,0,0,1,0,0,0,0,1,0
2016,Native Hawaiian or Other Pacific Islander,Male,,0,0,0,0,0,4,0,1,0,0,0,0,0,0,0,0,0,0,3,0,3,0,0,0,0,0,0,0,1,0,1,0,0,0,0,0,0,0,0,0,0,0,1,0,0,0,0,0,4,0,0,1,0,0,0,0,1,0,0,0,1,0,0,1,0,0,0,0,3,0,6,2,0,0,0,0,0,0,0,0,3,0,0,0,0,0,0,0,0,0,0,0,0,0,1,0,0,0,1,0,0,2,2,0,1,0,0,0,1,0,1,0,0,0,0,0,0,0,0,5,0,0,0,0,0,0,0,0,0,0,0,0,2,0,0,0,1,1,1,2,0,0,0,0,1,1,0,2,0,0,0,0,0,0,0,0,0,0,1,1,0,0,0,0,0,0,0,0,0,1,0,0,0,0,0,0,0,0,0,0,0,0,0,0,0,0,2,0,0,0,0,0,0,0,0,0,0,0,0,0,4,0,2,1,0,0,0,0,0,0,0,0,1,0,0,0,0,0,0,0,0,1,10,0,0,0,0,0,0,0,0,0,0,0,0,0,0,0,0,0,2,0,0,0,0,0,0,0,0,0,0,0,0,0,0,0,0,1,0,0,0,0,0,3,0,0,0,0,0,0
2016,White,Female,,172,301,162,922,994,1926,1071,1385,118,248,223,264,814,438,281,162,212,210,706,168,1018,635,245,153,197,82,143,292,649,440,271,301,327,164,493,127,345,144,486,127,189,200,507,260,256,455,613,375,871,438,515,1467,95,140,170,436,235,111,131,243,324,236,193,333,257,120,171,131,2363,851,1850,1175,541,665,508,191,106,321,431,272,1005,995,355,688,94,189,476,169,242,202,380,593,727,532,246,466,247,519,444,176,664,745,1055,695,479,264,203,170,340,425,788,279,183,228,260,129,1146,484,117,1080,11,101,183,304,331,435,457,62,427,49,442,132,791,231,424,243,495,201,676,990,665,1282,157,497,612,974,348,350,122,116,79,189,407,131,122,287,211,280,354,1323,291,230,273,214,50,678,632,181,104,578,167,98,192,383,179,179,180,282,152,860,325,192,753,829,300,229,188,157,209,199,251,44,147,215,100,180,353,134,172,274,1341,563,962,384,164,219,114,476,270,198,266,60,365,139,268,208,579,1364,222,134,235,210,2296,1807,230,331,205,161,1380,273,217,126,147,237,193,500,343,97,101,331,458,54,1,0,150,66,63,127,27,30,4,0,0,35,31,59,147,78,265,11,26,35,73,103,47,56,1,433,1086,53
2016,White,Male,,182,289,143,959,942,2035,1187,1485,142,262,280,266,861,490,341,166,182,236,675,168,1129,602,240,144,254,108,162,293,611,436,292,313,367,188,566,144,335,119,536,141,205,206,482,267,238,473,612,363,944,440,540,1489,126,153,169,419,239,121,147,301,322,265,200,371,254,109,203,117,2302,827,1959,1216,524,714,496,214,126,346,429,306,976,1050,387,737,91,208,501,208,242,209,370,598,812,555,309,505,243,520,447,180,637,803,1159,685,530,330,169,166,343,433,840,265,201,253,328,137,1189,552,115,1168,7,98,205,318,379,436,462,78,426,53,402,155,789,273,480,234,603,204,704,1069,715,1348,162,521,667,944,358,426,150,110,108,196,445,141,153,282,256,309,395,1444,305,268,279,245,71,803,626,231,111,549,171,121,233,425,190,200,200,261,160,849,361,222,826,860,316,238,173,179,236,192,276,46,178,222,117,163,364,131,218,282,1376,685,1040,376,181,216,105,509,275,194,274,62,387,156,298,227,553,1412,239,142,285,242,2474,1863,230,369,197,192,1487,300,235,128,173,244,216,541,368,110,119,309,491,55,0,0,102,81,75,113,31,9,0,0,0,28,42,89,99,78,205,20,40,38,104,35,46,75,0,305,722,50
2017,American Indian,Female,,1,4,3,3,1,12,7,1,0,0,1,0,2,0,3,2,0,0,1,2,1,3,0,0,0,0,0,1,0,3,0,1,2,0,1,0,0,0,1,0,2,0,2,0,0,0,4,0,4,3,1,5,0,0,2,0,3,0,0,0,0,0,0,2,2,0,2,0,10,1,3,3,1,3,3,0,0,1,0,0,2,5,0,1,0,0,1,0,0,0,2,0,3,0,1,3,1,1,0,0,2,2,0,2,4,0,1,0,1,2,4,4,1,1,0,0,8,3,2,5,0,0,1,2,0,4,1,0,1,0,3,1,0,0,0,0,1,0,1,1,3,5,0,2,1,4,0,1,0,0,0,0,0,0,0,5,0,3,1,4,0,0,1,1,1,4,6,1,0,1,0,0,0,1,0,0,2,0,0,0,0,0,3,2,1,2,0,0,3,0,1,0,0,0,1,0,0,1,0,4,12,6,7,1,1,2,0,0,0,0,2,0,2,0,1,0,3,3,1,0,0,0,6,3,0,1,0,0,4,0,0,0,0,0,1,2,1,0,0,0,3,1,0,0,0,0,0,0,1,0,1,0,0,0,0,0,1,1,1,0,0,1,0,1,0,2,0,13,2,1
2017,American Indian,Male,,1,4,0,2,3,18,1,7,0,0,0,1,3,1,3,0,0,0,0,0,2,1,0,0,0,0,2,3,1,0,0,2,0,0,0,0,5,0,3,0,1,1,0,1,1,0,3,1,2,2,0,4,1,0,0,0,3,0,0,0,0,2,0,2,0,1,0,0,4,1,3,2,0,2,2,1,0,1,3,0,2,1,1,3,0,0,1,0,1,1,1,4,3,1,1,0,1,0,1,0,1,2,1,0,0,0,0,1,0,2,1,2,1,0,3,1,7,0,1,5,0,0,1,5,2,2,0,0,0,0,8,0,1,0,0,1,2,0,4,2,1,1,0,0,2,3,0,4,0,0,0,0,2,0,0,3,0,6,0,6,1,0,1,0,0,2,1,2,0,0,0,0,0,2,0,2,0,1,0,2,1,0,2,3,1,1,0,0,0,1,0,0,2,0,0,0,0,0,0,2,15,2,5,2,1,0,0,1,0,0,1,0,1,0,1,0,7,4,1,0,0,1,9,2,2,2,1,0,7,0,0,0,0,1,0,1,3,0,0,2,3,2,0,1,2,0,1,1,0,0,1,0,0,0,1,1,0,0,1,0,0,0,0,1,0,1,0,6,0,0
2017,Asian,Female,,7,3,5,54,36,212,121,71,0,4,2,1,44,2,3,0,0,2,7,1,16,4,1,2,0,1,0,3,0,1,5,1,3,1,7,0,12,1,3,2,0,0,11,4,2,12,9,5,22,15,2,32,2,1,1,3,2,1,0,3,7,4,1,3,7,0,1,1,211,30,308,38,3,12,18,0,3,1,4,1,28,67,4,28,0,0,2,1,3,6,6,25,2,10,3,4,1,0,3,0,0,47,42,15,17,3,0,1,3,1,11,2,2,3,5,10,61,1,0,39,0,0,5,1,12,3,45,0,1,0,2,1,7,4,2,0,4,0,5,41,36,405,38,17,93,25,4,14,15,0,0,1,5,2,1,5,0,2,1,84,0,0,3,2,0,7,3,0,0,5,1,2,2,6,1,3,1,3,1,19,2,1,9,33,1,4,0,0,0,0,3,2,0,0,2,1,6,1,1,1,103,3,41,5,1,0,2,11,1,0,0,1,5,0,0,0,10,41,80,1,0,2,62,36,1,3,2,1,31,1,2,0,0,4,4,10,7,1,0,1,6,0,0,1,27,1,2,0,3,19,0,0,0,0,1,3,26,1,10,0,1,2,1,45,1,2,0,3,20,0
2017,Asian,Male,,1,3,1,40,32,225,112,79,0,0,0,1,40,5,1,0,0,1,6,1,16,3,0,1,0,1,0,0,1,2,1,0,2,2,4,1,6,1,5,1,0,1,4,3,0,9,10,9,28,11,2,32,1,1,0,0,2,1,1,1,2,0,0,0,6,0,2,0,190,31,287,31,3,8,8,1,0,1,7,1,34,63,2,18,0,1,3,3,3,2,8,31,1,12,1,1,1,1,6,1,0,60,30,8,14,3,0,0,4,1,8,0,3,2,1,10,50,0,0,36,1,0,1,8,12,2,45,0,0,1,3,0,6,0,1,1,5,1,8,66,28,463,37,20,66,18,3,21,9,0,0,3,2,0,1,3,1,5,2,61,0,2,3,3,0,5,0,2,0,10,1,1,1,0,0,3,1,0,1,18,1,1,8,15,1,0,0,0,0,0,1,0,0,1,0,1,3,1,0,4,106,4,48,3,0,2,1,5,0,0,0,1,4,0,0,1,7,20,83,0,2,2,36,39,2,1,1,0,27,1,1,0,0,3,0,10,4,0,3,1,1,0,0,0,29,2,0,1,3,56,0,0,0,0,3,2,19,2,8,0,0,0,1,30,0,1,0,4,11,0
2017,Black,Female,,0,4,1,69,31,999,237,36,0,1,1,0,18,10,1,2,1,1,2,19,218,1,4,4,1,0,0,8,0,0,1,0,0,1,2,0,13,2,175,0,0,0,0,1,7,62,5,2,265,18,8,113,0,0,0,0,1,0,0,11,0,2,0,3,120,0,0,1,259,40,92,50,1,3,45,1,0,2,4,4,143,177,5,23,0,0,4,1,7,1,10,163,6,4,1,2,1,2,6,0,3,23,24,11,19,2,5,0,7,1,24,1,5,3,3,722,86,7,120,37,322,9,82,625,33,53,58,6,2,0,275,0,38,0,4,1,232,1,92,78,1199,130,1029,990,799,849,46,1598,51,3,0,3,2,0,0,7,1,4,2,73,1,1,3,0,0,4,3,0,2,5,2,1,1,1,1,0,0,0,4,25,0,6,135,35,6,0,1,0,1,2,3,0,1,4,3,0,0,0,0,0,73,48,891,1,0,2,1,15,1,0,1,0,3,0,0,0,127,61,21,0,1,1,442,110,1,8,2,0,19,2,3,0,0,2,1,84,4,0,3,1,2,83,225,24,4,0,12,33,18,65,155,214,126,103,5,8,10,7,110,98,24,24,16,49,9,30,128,273,75,1
2017,Black,Male,,0,2,1,65,22,1011,217,48,0,2,1,1,17,12,1,1,0,5,6,22,208,6,3,1,0,1,0,15,0,0,5,1,1,3,0,1,15,0,180,0,0,1,5,2,3,76,5,7,249,20,7,141,0,0,0,0,1,1,0,8,2,0,0,11,160,0,0,0,237,34,99,67,5,2,52,1,0,0,2,5,156,195,5,25,0,0,7,0,3,3,26,141,6,8,1,5,1,0,13,1,4,23,22,17,12,0,0,1,5,1,25,1,3,6,6,746,124,6,136,35,273,16,89,682,38,44,62,1,3,0,328,0,37,2,7,0,253,3,125,102,1176,148,1010,1032,776,823,43,1651,72,3,2,2,7,2,0,6,4,9,4,88,3,1,7,3,0,5,3,0,1,4,2,1,1,3,0,1,0,2,1,24,2,6,154,33,5,3,0,0,2,2,3,0,3,1,3,0,0,1,1,0,73,57,973,1,0,7,1,15,1,2,1,1,3,1,0,0,150,81,21,0,4,0,515,129,2,9,2,0,18,0,2,0,1,2,1,77,3,0,1,2,3,121,225,22,6,2,12,37,26,30,103,219,134,77,14,7,4,9,58,98,26,27,14,26,17,22,86,150,54,0
2017,Hispanic,Female,,7,37,17,57,54,628,103,178,2,26,7,7,41,28,8,6,19,10,30,9,158,11,192,3,1,1,1,52,6,8,8,3,11,10,19,3,13,0,19,4,3,73,66,21,26,261,56,40,595,423,11,72,4,5,7,2,15,4,0,10,5,8,7,16,47,3,6,0,215,71,82,73,15,24,19,3,2,7,7,6,45,124,7,25,0,4,18,0,13,8,10,58,18,131,5,47,5,24,22,3,22,50,37,33,50,5,4,2,18,54,203,43,10,59,49,193,230,64,78,172,290,70,93,863,142,158,184,127,36,1,65,5,137,2,12,14,104,18,102,101,416,284,374,238,275,567,39,734,35,6,5,63,139,9,1,14,12,9,16,89,8,3,48,3,1,12,14,10,11,37,179,0,5,0,2,9,4,10,26,96,31,41,277,90,7,2,7,6,4,4,7,3,3,3,28,3,9,1,2,9,90,52,501,8,5,2,4,59,24,5,15,0,45,3,5,0,273,219,19,3,7,0,108,57,14,6,6,3,34,6,6,3,3,1,3,56,10,1,4,45,13,14,1,20,10,2,6,19,39,40,0,1,3,11,6,3,9,7,34,17,83,24,18,31,1,12,7,205,116,0
2017,Hispanic,Male,,2,51,26,60,37,682,123,191,4,14,5,8,34,19,4,7,26,13,35,21,166,6,210,2,0,0,1,66,6,6,5,4,11,9,18,6,14,2,37,1,4,64,64,24,28,263,68,38,594,494,10,80,3,7,13,4,13,10,1,7,5,9,4,16,57,4,4,4,188,83,67,90,9,14,16,3,2,7,11,8,74,107,5,33,0,3,17,0,9,2,12,59,23,141,3,54,29,21,18,7,26,40,59,39,44,5,6,3,9,52,216,26,11,52,28,180,185,53,76,161,317,71,109,944,151,133,149,149,45,3,60,5,156,4,10,16,98,12,113,88,400,321,322,259,285,604,40,784,35,9,4,53,142,9,1,17,14,7,8,82,11,5,59,4,0,7,21,7,14,41,179,3,2,3,1,3,2,4,19,94,35,23,264,80,9,7,9,3,3,1,9,1,3,6,19,3,15,2,1,14,67,54,542,7,3,4,2,57,19,7,13,4,39,1,5,4,266,246,20,8,8,2,103,73,8,7,5,2,33,2,5,1,0,5,3,48,8,5,3,49,23,17,0,14,7,3,2,15,51,33,2,7,0,14,11,8,8,2,12,9,73,32,17,16,1,18,3,134,58,0
2017,Multiracial,Female,,1,5,4,41,40,342,75,83,2,3,4,2,24,13,6,1,3,1,16,16,118,13,5,3,3,0,4,11,11,9,15,7,11,0,18,5,19,4,68,0,6,1,5,4,7,50,17,12,126,29,20,98,4,3,7,2,11,1,0,21,3,3,4,21,63,3,3,4,163,42,117,43,14,19,20,3,6,2,14,5,47,84,13,28,0,5,19,1,9,8,14,71,19,29,4,2,4,11,11,3,14,28,42,20,24,4,2,0,16,9,14,11,7,7,8,61,53,13,14,29,4,12,10,48,17,14,23,3,16,1,75,4,41,4,18,2,63,8,37,72,141,100,105,116,133,152,30,98,6,1,2,6,10,4,2,13,3,14,18,120,2,3,6,6,1,14,31,4,1,5,3,1,4,9,3,1,5,1,3,32,15,4,66,40,10,3,7,5,3,12,8,1,7,4,2,4,3,0,1,5,64,43,252,3,1,7,2,20,4,7,5,1,19,4,5,3,46,72,22,2,5,2,325,123,4,5,5,2,40,2,2,5,5,6,7,82,11,2,1,13,9,6,3,11,18,3,10,12,10,1,4,5,0,8,1,8,11,11,40,7,8,7,8,6,3,15,5,89,71,0
2017,Multiracial,Male,,0,7,1,44,45,342,83,80,5,6,4,3,40,11,9,3,2,4,26,16,123,12,13,0,4,1,3,14,13,8,11,2,10,5,14,8,15,8,80,0,0,2,5,8,19,70,10,14,120,32,11,97,2,2,3,3,9,0,1,32,3,4,7,33,85,3,4,0,159,50,133,40,10,13,33,0,3,3,25,5,56,57,14,21,1,5,19,4,6,8,12,89,14,28,5,11,1,16,17,2,14,32,34,22,32,6,0,1,20,14,22,17,2,9,12,39,45,12,11,29,10,9,18,61,15,17,25,11,11,0,82,3,45,4,11,6,62,5,46,65,165,128,100,103,107,119,27,111,17,5,1,5,12,3,5,15,7,16,16,101,9,6,16,3,1,11,20,5,2,12,1,1,6,7,6,9,4,9,7,36,11,3,50,32,20,1,3,4,2,7,7,1,13,3,5,1,5,1,2,7,71,42,238,9,2,8,1,14,1,12,2,0,10,4,6,0,60,61,23,3,7,6,296,180,9,13,1,1,78,2,8,1,6,8,7,86,7,0,1,23,12,15,3,13,10,5,7,15,7,1,2,1,3,10,2,7,1,7,22,7,5,11,10,6,8,13,3,54,40,1
2017,Native Hawaiian or Other Pacific Islander,Female,,0,0,0,1,1,4,1,1,0,0,0,0,0,1,0,0,0,0,0,2,0,0,0,0,0,0,0,0,0,0,0,0,2,1,0,0,0,0,0,0,0,0,1,0,0,0,0,0,0,1,0,0,0,0,0,0,1,0,0,0,0,0,0,0,0,0,0,0,3,0,5,1,1,0,1,0,0,0,0,0,1,2,1,1,0,0,0,0,0,1,1,2,0,0,0,0,0,0,2,0,0,0,2,0,1,0,0,0,1,0,0,0,0,0,0,0,1,0,0,1,0,0,0,0,0,1,0,0,0,0,0,0,0,0,0,0,0,0,1,1,4,2,0,0,1,1,0,0,0,0,0,0,0,0,0,0,0,0,0,0,0,0,0,0,0,1,1,0,0,0,0,0,0,0,0,0,0,0,0,0,0,0,0,0,0,0,1,0,0,0,0,0,0,0,0,0,0,0,0,0,1,0,2,0,0,0,0,0,0,0,0,0,2,0,0,0,0,0,0,0,0,0,7,3,0,0,0,3,0,0,0,0,0,0,0,0,0,0,0,0,0,1,0,0,0,0,0,0,0,0,0,0,0,0,0,0,0,1,0,0,0,0,0,1,0,0,0,1,0,0
2017,Native Hawaiian or Other Pacific Islander,Male,,0,0,0,1,0,3,0,2,0,0,0,0,0,0,0,0,0,0,2,0,2,0,0,0,0,0,0,0,1,0,0,0,0,0,0,0,0,0,0,0,0,0,1,0,0,0,1,0,4,0,0,0,0,0,0,0,1,0,0,0,0,0,0,1,0,0,0,0,2,0,6,2,0,1,0,0,0,0,0,0,2,0,0,0,0,0,0,0,0,0,0,0,0,0,0,0,0,0,2,0,0,0,0,1,1,0,0,0,0,0,1,0,0,0,0,0,1,0,0,1,0,1,0,0,0,0,0,0,0,0,0,0,0,0,0,0,0,1,0,2,2,0,0,0,1,2,0,1,0,0,0,0,0,0,0,0,0,0,1,2,0,0,0,0,0,0,1,0,0,1,0,0,0,0,0,0,0,0,0,0,0,0,0,0,0,0,1,0,0,0,0,0,0,0,0,0,0,0,0,0,5,0,4,1,0,0,0,0,0,0,0,0,0,0,0,0,0,0,0,0,0,1,15,0,0,0,0,0,0,0,1,0,0,1,0,0,0,0,0,0,2,0,0,1,0,0,0,0,0,0,0,0,0,0,0,0,0,0,0,0,0,0,0,1,0,0,0,1,0,0
2017,White,Female,,178,294,153,927,1021,1913,1090,1376,117,263,238,236,814,400,295,163,206,187,669,166,976,617,221,154,208,91,146,279,627,407,283,305,334,159,511,121,345,137,457,139,189,185,455,233,251,446,594,367,829,411,519,1433,85,139,161,413,228,104,125,217,332,226,175,346,266,112,146,135,2343,865,1831,1189,534,672,504,199,122,335,420,272,1022,970,341,673,93,202,459,156,261,228,380,524,721,548,243,457,248,498,421,171,624,712,1087,672,483,272,198,186,287,378,817,235,173,212,252,118,1141,502,103,1075,10,97,197,294,323,415,445,59,434,57,429,134,739,221,399,226,508,220,720,997,613,1253,143,475,599,948,329,313,124,114,85,175,389,115,121,287,219,258,363,1356,277,241,276,237,50,694,647,179,81,575,173,100,194,366,180,185,165,283,145,868,323,191,717,835,293,222,174,153,211,171,230,51,158,220,99,175,325,139,190,246,1308,549,851,377,158,207,110,466,278,191,281,57,382,132,264,192,596,1406,203,113,229,197,2278,1764,228,346,213,174,1409,268,216,125,148,220,182,453,344,94,103,318,489,47,1,220,142,65,57,107,35,19,3,0,0,33,30,65,147,76,297,8,30,55,74,108,42,61,3,1040,1167,75
2017,White,Male,,177,277,157,984,965,1999,1136,1398,138,266,295,269,851,474,323,168,173,242,684,185,1107,596,212,143,240,107,149,290,636,424,285,316,363,181,576,130,344,124,523,121,192,203,474,264,261,469,614,388,827,414,520,1482,121,151,156,409,234,106,149,308,295,267,203,391,240,102,209,123,2384,898,1967,1253,523,737,506,213,115,329,431,317,1017,1039,393,757,92,222,473,215,247,223,373,602,759,586,310,497,238,486,444,171,622,826,1120,693,499,331,182,171,345,430,830,253,198,223,313,134,1227,536,123,1138,9,96,194,289,372,419,473,78,444,55,423,150,739,250,486,239,601,178,735,1043,625,1296,148,484,634,858,388,363,159,108,99,186,437,117,146,291,250,326,379,1459,308,288,279,265,62,743,651,230,108,566,182,123,252,415,185,205,199,275,163,862,364,223,835,884,304,253,174,192,227,182,284,48,180,204,118,166,367,116,213,288,1357,661,950,376,185,227,103,513,290,183,263,56,361,138,304,204,541,1460,240,141,261,230,2461,1841,240,355,189,189,1446,289,227,122,178,210,210,471,367,99,115,318,490,50,0,181,106,75,67,108,39,1,2,0,0,21,41,93,94,71,234,14,37,59,88,63,55,86,2,692,826,58
2018,American Indian,Female,,1,2,1,3,3,14,5,1,0,0,0,0,2,0,3,2,1,0,1,1,1,2,0,0,0,0,1,1,0,1,0,0,2,0,0,0,0,0,4,0,1,2,2,0,0,2,3,0,5,2,0,6,0,0,2,0,5,1,0,0,0,0,0,2,1,0,2,0,6,0,3,2,1,5,4,0,0,0,1,0,0,4,0,2,0,0,1,0,0,0,1,1,3,0,0,1,0,1,0,0,2,3,0,1,2,0,1,0,0,3,3,3,1,0,1,0,9,3,1,4,0,0,0,2,1,4,1,1,1,0,2,1,0,0,0,0,2,0,3,0,3,4,0,1,1,5,0,0,1,0,1,0,1,1,0,3,0,4,1,6,0,0,3,0,0,2,4,0,0,0,0,0,0,0,0,0,2,0,0,1,1,0,2,0,2,2,0,1,2,0,1,0,1,0,2,0,0,1,1,3,12,5,6,1,2,2,0,1,0,0,3,0,1,0,1,0,4,3,1,0,0,0,6,5,0,2,0,0,6,1,0,0,0,0,0,0,1,0,0,0,2,0,0,1,0,0,1,0,0,0,1,0,0,0,0,0,1,1,1,0,0,1,0,0,0,1,0,3,6,1
2018,American Indian,Male,,0,3,0,4,3,14,2,5,0,0,0,1,2,1,3,0,0,0,0,0,3,1,0,0,0,0,2,2,1,1,0,1,0,0,1,0,1,0,5,0,1,0,1,1,0,1,3,1,2,2,0,6,0,0,0,0,4,0,0,0,0,1,0,2,0,1,0,0,5,1,5,2,0,2,2,1,0,0,3,0,2,0,1,2,0,0,1,0,1,1,0,6,2,0,2,0,1,0,1,0,1,2,3,0,1,0,0,1,0,2,1,1,1,3,2,2,9,0,1,6,0,0,1,2,1,1,1,1,0,0,8,0,2,0,0,0,2,0,3,1,0,1,0,0,3,2,0,4,0,0,0,0,1,0,0,5,0,5,0,4,1,0,0,0,0,3,1,3,0,0,0,0,0,2,0,1,0,2,0,2,0,1,2,2,0,1,0,0,2,0,0,0,2,0,0,1,0,0,0,2,11,3,6,1,1,1,0,1,0,0,0,1,3,0,0,0,5,4,1,0,0,1,9,2,0,4,0,0,5,1,1,0,0,1,0,1,3,0,0,1,3,2,0,0,0,0,1,0,0,0,1,0,0,0,1,1,0,0,1,0,0,0,0,0,0,1,0,6,3,1
2018,Asian,Female,,5,3,3,71,48,237,152,78,3,4,1,3,49,8,8,0,0,1,11,1,14,1,1,2,0,1,0,2,0,1,5,1,3,2,9,0,15,1,2,3,0,0,14,2,3,10,11,4,23,15,2,39,1,1,0,3,0,0,1,5,7,3,1,3,12,1,1,1,208,33,316,38,5,8,13,0,3,4,4,3,31,60,9,26,0,1,2,3,6,6,9,26,4,9,2,3,0,0,5,0,0,63,51,15,20,3,0,1,5,1,11,1,3,3,6,8,51,2,0,45,0,0,4,3,8,5,48,0,2,1,4,0,5,4,3,0,4,0,9,44,36,461,49,18,86,16,2,17,16,3,0,1,5,2,2,4,0,3,4,83,2,0,6,2,0,12,5,1,0,8,1,1,1,8,1,2,1,3,1,19,2,1,7,30,3,1,0,1,0,1,5,1,0,0,0,0,5,0,3,1,107,4,41,5,3,2,1,14,2,0,0,3,4,0,1,2,12,36,80,0,0,2,69,33,2,2,3,2,39,4,2,0,1,4,2,12,6,0,0,2,6,0,0,3,26,0,1,0,0,28,0,0,0,0,3,2,30,0,7,0,1,0,0,74,0,2,0,5,18,2
2018,Asian,Male,,1,1,1,44,42,235,152,75,2,0,0,0,41,4,2,0,0,1,5,1,18,4,0,0,1,0,0,2,0,2,0,0,3,2,6,2,5,2,3,1,0,2,5,2,1,9,9,5,24,13,2,27,0,1,0,1,1,1,0,1,2,0,2,1,9,0,3,0,222,27,297,34,4,6,6,0,0,3,3,1,33,72,4,26,0,1,4,0,1,1,8,24,0,10,1,2,2,2,9,2,0,69,39,12,16,2,0,0,3,2,10,1,3,5,5,14,59,1,0,31,0,0,1,6,14,2,41,2,0,1,5,0,5,1,1,1,5,1,8,64,25,484,37,21,74,21,5,15,10,0,0,2,3,0,1,1,1,2,3,58,0,3,3,1,0,4,1,1,0,9,1,1,1,3,0,1,0,0,1,14,3,1,10,20,0,0,0,0,0,0,2,0,0,2,0,1,3,1,1,4,102,4,46,6,0,2,0,12,0,0,0,2,7,0,0,0,8,26,80,0,1,2,36,37,1,2,1,0,25,0,0,0,0,3,0,10,3,0,3,0,4,0,0,1,36,2,1,2,0,65,0,1,0,0,2,5,12,2,4,0,0,0,1,48,0,3,0,7,9,0
2018,Black,Female,,0,5,0,66,30,982,224,32,0,0,1,0,20,12,0,2,1,0,4,20,220,3,4,3,0,1,2,10,2,0,3,0,0,3,1,0,12,3,171,0,0,1,1,1,8,65,9,5,263,15,6,129,0,0,0,1,1,0,1,12,1,2,1,3,122,1,0,0,278,46,103,46,1,2,44,1,0,1,3,3,162,189,6,16,0,0,8,0,7,1,10,152,5,6,0,2,1,2,9,3,2,23,23,13,14,3,5,0,4,1,18,2,4,3,4,731,98,7,145,36,272,14,84,668,34,50,58,2,2,0,270,0,28,1,4,1,210,0,121,93,1211,163,961,1044,769,913,54,1460,54,1,1,5,0,0,0,2,2,7,1,84,0,0,4,1,0,4,3,0,4,5,1,0,0,1,0,0,0,1,3,24,1,5,137,35,2,2,1,0,0,1,4,9,0,4,4,1,0,0,0,0,72,53,851,2,0,3,1,14,2,1,1,0,4,2,0,1,134,88,25,0,1,1,454,108,1,5,5,0,16,2,3,0,0,2,2,73,10,0,2,1,4,67,193,37,5,1,10,20,15,44,173,185,129,80,6,8,12,6,113,98,20,14,13,42,5,31,130,247,110,0
2018,Black,Male,,1,4,4,55,28,1027,218,53,1,4,0,1,24,12,0,1,0,4,8,20,230,6,5,1,0,1,0,18,1,0,3,1,1,3,1,0,18,1,176,0,0,0,6,3,5,71,7,7,259,22,5,150,1,0,1,0,0,0,0,7,1,1,0,11,133,0,0,0,238,33,103,63,4,2,52,2,0,0,2,3,172,184,5,24,0,0,4,0,7,5,16,142,7,5,0,7,0,0,9,1,3,31,25,15,15,1,0,1,7,2,21,1,3,7,4,708,114,5,128,41,256,22,92,739,45,39,70,5,2,0,304,0,36,1,6,0,235,3,148,106,1212,163,966,1085,733,818,45,1530,61,2,2,3,4,0,0,4,4,7,1,79,2,1,8,3,0,5,4,0,2,7,1,1,1,2,0,1,1,5,2,17,2,10,167,40,7,2,0,0,3,2,2,5,1,3,5,0,0,2,0,1,86,70,960,1,0,5,1,11,3,1,1,0,2,1,3,0,149,92,22,0,1,0,523,112,1,7,2,0,21,1,1,0,0,2,0,68,2,0,2,1,1,105,200,28,5,2,13,31,10,35,117,199,152,77,13,7,6,14,63,116,31,23,13,21,12,25,73,111,47,0
2018,Hispanic,Female,,4,40,18,56,53,670,111,201,4,22,8,8,39,37,10,3,15,14,43,17,152,9,224,1,6,2,3,62,5,7,9,7,16,8,18,5,16,2,21,6,4,70,74,16,26,274,65,35,566,456,9,83,3,6,8,3,12,5,0,9,4,12,7,13,43,1,3,5,217,79,90,70,15,18,24,4,2,11,10,5,65,127,7,30,1,3,16,0,16,8,8,51,30,143,7,50,12,33,19,1,25,56,42,31,48,1,5,1,22,51,211,41,16,53,50,189,237,58,72,192,259,64,79,864,151,189,190,156,38,1,71,6,137,2,17,15,99,14,118,113,453,314,389,260,311,650,43,792,29,4,5,60,144,7,2,15,13,10,16,87,7,7,53,6,1,16,14,18,12,38,176,1,4,1,2,7,3,8,26,87,32,39,274,103,9,2,7,6,3,2,6,9,3,3,21,4,14,0,1,17,84,44,521,17,5,4,5,59,22,4,16,2,46,4,5,0,283,221,22,3,11,1,125,55,12,8,8,4,37,3,5,6,3,5,1,65,12,3,5,50,13,12,1,17,11,3,6,18,32,32,3,6,4,14,8,3,8,6,49,14,82,16,25,38,0,17,10,168,133,1
2018,Hispanic,Male,,5,42,24,47,39,727,134,214,5,14,6,5,40,23,4,9,26,18,34,20,176,8,242,5,3,0,1,65,3,8,5,4,12,9,18,10,17,1,34,1,5,64,67,20,27,269,67,38,602,544,11,100,1,9,14,2,19,7,1,9,7,8,5,13,63,3,2,5,194,90,74,86,9,18,27,5,3,8,19,8,82,142,5,41,1,2,16,1,11,7,13,53,23,154,1,53,29,26,22,9,25,42,56,37,56,2,3,2,11,56,250,28,9,52,27,202,212,58,74,177,317,75,96,936,181,133,161,147,49,3,68,4,156,5,10,11,116,18,131,104,463,349,335,276,329,664,41,879,37,6,6,54,151,10,2,20,16,8,7,87,9,6,66,7,0,13,21,6,13,36,173,3,4,1,2,3,3,3,20,108,34,24,274,82,7,5,9,2,4,1,12,3,4,11,22,4,15,3,0,16,68,51,579,9,4,5,4,64,25,9,14,2,44,0,4,4,301,271,22,11,7,2,125,72,11,11,6,3,26,3,6,3,1,7,6,51,13,3,5,54,21,19,1,16,8,2,9,27,43,30,0,7,1,15,8,8,9,6,19,11,79,18,28,14,2,22,6,119,62,0
2018,Multiracial,Female,,3,7,2,43,47,320,86,79,4,1,5,3,35,14,8,2,8,3,11,14,118,11,7,3,6,1,2,14,16,7,10,5,11,0,15,5,23,4,65,0,4,1,6,1,4,52,18,14,123,22,16,109,4,2,7,1,11,3,2,22,6,4,2,20,59,2,5,4,163,45,136,56,14,19,29,3,4,2,14,5,64,82,13,28,1,6,20,2,11,13,19,78,17,27,3,5,4,6,13,7,14,33,38,30,27,4,1,1,13,6,14,12,4,4,12,58,50,10,13,32,6,7,13,44,15,19,28,3,13,1,81,2,48,5,18,5,70,5,47,79,144,98,100,116,126,144,33,112,10,3,1,5,8,5,2,15,7,13,19,114,3,2,9,5,1,18,28,4,2,5,3,1,4,8,6,3,6,2,4,30,13,3,66,35,9,5,5,8,3,10,10,11,7,2,3,1,1,1,4,4,70,49,248,2,2,7,2,19,5,4,8,2,19,3,6,5,46,69,22,0,7,2,295,133,8,8,8,2,46,1,2,1,8,2,8,73,11,1,1,15,10,4,6,15,15,2,5,14,9,3,2,1,3,6,1,7,8,9,37,4,7,6,5,2,3,12,3,79,73,1
2018,Multiracial,Male,,2,9,0,47,40,378,72,74,5,4,9,4,39,11,8,6,4,3,28,25,126,9,9,1,3,1,1,11,10,9,11,2,12,6,11,7,19,7,75,1,1,3,8,8,18,65,11,15,119,36,9,95,2,4,3,3,6,0,2,30,3,4,7,38,79,3,4,0,185,56,146,35,11,19,35,0,0,4,26,6,65,67,14,23,0,5,20,4,7,5,13,92,20,27,4,8,4,10,15,4,13,47,41,20,26,9,1,3,24,14,25,15,1,8,13,44,41,12,14,32,3,8,21,61,14,15,31,7,15,0,66,5,41,3,12,4,71,4,52,63,166,121,86,100,113,120,41,120,13,3,5,5,11,4,5,13,7,21,17,101,10,7,14,3,0,10,22,4,1,9,0,2,5,7,3,8,6,6,6,28,7,4,55,28,17,2,3,2,1,4,6,1,7,4,5,1,9,2,1,7,63,52,236,9,2,4,1,16,1,9,3,1,8,4,11,4,51,60,22,4,6,6,298,171,12,10,5,1,84,2,8,3,5,7,10,80,5,0,2,24,13,10,5,9,12,3,9,17,4,1,2,1,3,7,2,7,3,10,24,7,2,8,8,2,5,12,3,47,46,1
2018,Native Hawaiian or Other Pacific Islander,Female,,0,0,0,1,0,1,0,2,1,0,0,1,0,0,0,0,0,0,1,2,0,0,0,0,0,0,0,0,1,0,1,0,2,1,0,0,0,1,0,0,0,0,1,0,0,0,0,0,2,0,0,0,0,0,0,0,1,0,0,0,0,0,0,0,0,0,0,0,2,0,9,1,1,0,1,0,0,0,0,0,0,1,1,1,0,0,0,0,0,1,0,0,1,1,0,0,0,1,1,0,0,0,1,0,1,0,0,0,1,0,0,0,0,0,0,0,0,0,0,1,0,0,0,1,0,0,0,0,0,0,0,0,0,0,0,0,0,0,1,0,2,1,1,1,2,2,0,0,0,0,0,0,0,0,0,0,0,0,1,0,0,0,0,0,0,1,1,0,0,1,0,0,0,0,0,0,0,0,0,0,0,0,0,0,0,0,1,0,0,0,0,0,0,0,0,0,0,0,0,0,2,0,2,1,0,0,0,0,0,0,0,0,2,0,0,0,2,1,0,0,0,0,10,3,0,0,0,2,0,0,0,0,0,0,0,0,1,0,0,0,0,1,0,0,0,0,0,0,0,0,0,0,0,0,0,0,0,1,0,0,0,0,0,1,0,0,0,1,1,0
2018,Native Hawaiian or Other Pacific Islander,Male,,0,0,0,1,0,4,0,1,1,0,0,0,0,0,0,1,0,0,2,0,1,0,0,0,0,0,0,0,1,0,0,0,0,0,0,0,0,0,1,0,0,0,0,1,0,0,1,0,0,0,0,2,0,0,0,0,0,0,0,0,0,0,0,0,0,0,0,0,0,0,9,2,0,0,0,0,0,0,0,0,0,0,0,0,0,0,1,0,0,0,0,0,0,0,0,0,0,1,3,0,0,0,1,0,0,0,0,0,0,0,0,0,0,0,0,0,0,0,0,1,0,0,0,0,0,0,0,0,0,0,0,0,2,0,0,0,0,1,0,2,2,0,1,0,1,4,0,1,0,0,0,0,0,0,0,0,0,0,1,1,0,0,0,0,0,1,3,0,0,1,0,0,0,0,0,0,0,0,0,0,0,0,0,0,0,0,1,1,0,0,0,0,0,0,0,0,0,0,0,0,6,0,3,2,0,0,0,0,0,0,0,0,0,0,0,0,0,0,0,0,0,1,22,0,0,0,0,0,0,0,1,0,0,1,0,0,0,0,0,0,0,0,0,0,1,0,0,0,0,0,0,0,0,0,0,0,0,0,0,0,0,0,0,0,0,0,0,1,0,0
2018,White,Female,,179,282,136,918,1060,1858,1102,1365,115,251,225,233,818,394,297,158,177,194,656,148,924,622,224,149,198,99,148,275,589,400,299,325,309,158,491,122,340,130,412,139,176,193,426,228,219,428,591,359,804,400,497,1402,95,129,151,388,231,99,113,216,327,216,175,339,280,109,142,123,2402,885,1850,1226,557,655,522,193,123,330,395,270,1006,981,353,699,86,203,423,156,270,235,361,501,694,533,258,461,227,469,385,160,562,700,1086,689,498,296,188,184,300,350,765,234,177,212,271,103,1164,498,74,1055,9,81,196,265,311,407,430,55,396,57,381,143,699,230,388,211,475,188,723,1005,601,1207,130,451,575,872,343,282,130,106,91,175,367,128,116,276,233,260,331,1351,278,227,261,226,56,669,637,171,90,535,158,115,206,364,178,182,156,256,138,862,338,199,680,812,290,182,172,160,200,184,228,108,170,201,92,185,309,131,188,259,1301,560,840,357,157,208,93,459,280,189,260,36,395,136,255,166,535,1405,213,100,217,202,2244,1656,217,373,215,174,1401,266,197,118,148,229,171,436,361,95,100,320,483,49,1,264,145,66,71,87,26,29,1,0,0,28,34,71,140,104,314,13,27,42,59,76,41,76,1,1098,1203,82
2018,White,Male,,176,276,153,987,1024,1907,1169,1361,143,258,286,277,882,492,319,140,184,216,684,170,1050,585,206,148,233,100,156,302,633,400,293,330,357,202,563,125,334,126,497,128,190,196,480,246,255,432,585,391,753,409,486,1463,99,139,158,383,243,88,136,290,325,251,193,371,252,115,215,136,2472,940,1919,1284,543,747,524,209,118,330,426,299,1011,1061,380,748,90,224,469,207,229,238,363,570,710,574,289,466,218,461,426,193,578,823,1088,697,503,324,189,166,353,422,774,246,198,204,319,123,1219,519,115,1119,9,107,195,276,348,425,456,77,428,51,397,148,701,245,491,231,594,171,777,1038,592,1232,154,456,635,792,375,374,151,106,93,192,388,111,142,298,250,317,357,1394,266,275,265,275,67,728,636,208,116,549,179,126,232,406,175,201,190,285,156,859,378,219,785,879,283,245,164,208,211,163,281,86,165,195,116,189,369,142,209,284,1350,652,853,389,179,237,108,485,282,197,279,37,367,152,286,198,515,1484,245,136,252,227,2445,1847,242,398,207,194,1451,286,232,121,162,226,186,443,374,105,120,316,521,53,2,190,102,70,52,113,29,20,1,1,0,19,40,99,92,103,229,14,32,58,94,41,48,95,0,676,929,68
2019,American Indian,Female,,1,1,1,2,2,15,2,1,0,0,0,0,3,0,1,0,0,0,1,2,3,1,0,0,0,0,1,0,1,1,0,0,0,0,0,0,0,0,4,0,1,0,0,1,0,2,0,0,5,1,2,8,0,0,0,0,4,1,0,0,0,0,0,3,1,0,2,0,6,0,3,3,1,3,2,1,0,0,0,0,1,4,0,1,0,0,0,0,0,1,1,2,3,0,0,2,0,1,0,0,0,5,0,1,2,1,2,0,0,4,4,1,2,1,1,0,10,2,1,4,0,0,0,2,0,1,2,0,1,0,1,1,1,2,0,0,0,2,3,0,1,4,0,1,4,6,1,1,1,0,0,0,2,0,1,1,0,1,1,5,0,0,3,0,0,3,4,0,0,0,0,0,0,1,0,0,0,0,0,1,1,0,2,0,2,2,0,1,2,0,1,1,1,0,2,0,0,1,1,3,9,5,6,0,2,2,0,1,0,0,2,0,0,0,1,0,5,4,1,0,1,0,8,4,1,0,0,0,4,0,0,0,0,0,0,2,2,0,0,1,0,0,0,0,0,0,2,0,0,0,1,0,0,0,0,1,1,0,1,0,0,0,0,0,0,0,0,0,4,1
2019,American Indian,Male,,0,2,0,5,5,14,3,6,0,0,0,0,2,1,3,0,0,0,0,0,5,2,0,0,0,0,2,2,1,1,0,1,0,1,1,0,0,1,4,0,0,0,1,1,1,1,3,1,1,3,0,8,0,0,0,0,1,0,0,0,0,1,1,3,0,1,0,0,5,1,2,1,0,1,0,1,0,0,1,0,2,2,0,0,1,0,0,1,1,1,1,5,0,0,1,1,1,0,0,0,3,1,3,1,1,0,0,1,0,1,1,0,1,2,1,1,9,1,1,7,0,0,1,2,0,2,1,0,0,0,3,1,2,0,0,0,2,0,3,3,1,2,0,2,2,2,0,2,0,0,0,0,0,0,0,2,0,3,0,3,1,0,0,0,0,3,1,3,0,1,0,0,0,3,0,2,0,2,0,4,0,0,3,2,0,1,0,0,1,0,0,3,2,0,0,0,0,0,0,1,7,4,7,0,1,1,0,2,0,0,3,1,2,0,0,0,4,6,0,0,0,1,9,3,1,5,0,0,4,0,1,0,0,0,0,1,1,0,1,1,5,1,0,1,0,0,0,0,0,0,0,0,0,0,0,1,1,0,1,0,0,0,0,0,0,1,0,0,3,1
2019,Asian,Female,,5,3,7,70,54,270,172,88,4,2,1,2,59,6,6,0,1,2,14,1,11,2,1,1,0,1,0,3,2,0,6,0,3,3,7,2,18,1,2,2,0,0,15,2,3,11,13,8,26,16,1,44,1,1,0,5,0,0,0,6,7,3,0,4,13,1,1,2,208,36,347,33,6,8,16,0,2,5,2,2,38,61,5,33,0,1,1,1,2,5,7,26,6,8,2,4,0,3,4,1,0,72,62,14,19,3,0,1,6,4,9,2,3,2,5,9,50,3,0,46,0,1,4,1,10,3,49,0,1,0,5,1,5,4,5,1,3,0,8,61,35,507,42,15,72,20,3,17,16,1,0,1,5,4,2,1,0,1,5,83,3,0,7,1,0,11,6,0,0,8,0,1,1,9,0,4,1,3,0,15,2,0,9,30,1,2,1,0,2,0,6,4,0,0,0,1,6,0,1,2,114,2,37,6,1,2,0,11,3,0,0,3,3,0,1,1,12,33,90,0,0,2,68,42,5,0,3,3,44,6,1,0,1,8,0,12,7,0,0,1,7,0,0,0,33,0,3,0,0,31,0,0,0,0,3,3,29,1,8,0,0,0,0,81,1,3,0,0,30,0
2019,Asian,Male,,2,2,1,41,44,245,160,64,2,0,1,0,44,4,0,0,0,1,6,1,20,3,0,0,0,1,0,4,2,1,1,0,2,1,4,2,7,3,5,0,0,1,5,2,2,8,10,6,23,12,4,32,0,0,0,0,1,2,0,3,2,0,2,1,6,1,2,0,229,36,334,39,4,6,12,0,0,0,3,4,41,83,3,24,1,1,2,0,1,1,5,22,0,11,2,2,3,2,7,1,0,76,48,16,16,4,0,1,2,1,14,0,2,3,5,15,61,1,0,36,0,0,1,7,14,4,38,2,1,1,6,0,3,0,0,1,5,1,9,89,30,519,33,16,77,15,5,15,16,0,0,2,3,0,2,1,2,5,3,64,1,2,3,0,0,1,2,0,0,6,0,2,2,3,0,1,1,1,2,11,5,1,14,19,1,0,0,0,0,0,3,4,0,1,0,0,2,0,0,3,94,0,45,4,0,2,0,8,0,0,0,3,4,0,1,1,7,32,92,0,1,1,31,38,4,4,1,0,30,1,0,0,0,0,0,10,5,0,4,2,5,0,0,1,33,4,0,2,0,46,1,0,0,0,4,4,15,3,3,0,0,0,2,65,0,1,0,2,6,0
2019,Black,Female,,2,7,1,56,27,953,213,41,1,0,2,1,16,8,0,1,3,1,5,19,211,2,3,1,0,0,2,8,2,2,5,0,0,1,3,0,15,2,171,0,0,2,1,4,7,70,7,6,251,12,4,144,0,0,0,2,2,0,1,11,2,3,1,5,123,1,0,2,278,33,95,42,2,4,49,0,0,0,3,2,180,213,10,26,0,1,9,0,6,1,17,126,4,7,0,3,1,2,8,1,0,27,22,11,14,1,5,0,4,4,16,1,2,4,7,739,105,4,135,38,246,10,100,673,34,47,73,4,5,0,283,0,26,0,6,1,206,0,139,104,1150,155,969,1058,764,938,69,1349,62,1,1,3,1,0,0,4,5,4,2,79,0,1,4,3,0,3,1,0,3,4,2,1,0,2,0,0,0,1,4,23,2,3,145,42,2,0,2,0,0,0,4,64,0,5,5,1,0,0,0,1,75,67,848,0,0,2,1,16,3,2,0,0,3,2,0,2,156,99,19,0,0,1,458,113,1,5,4,1,18,3,2,0,0,1,3,64,4,0,1,1,4,98,150,56,5,1,9,16,7,130,135,189,124,75,10,6,11,7,130,77,26,12,16,40,4,40,137,13,89,0
2019,Black,Male,,3,5,4,64,32,1031,216,57,0,5,0,2,28,9,0,1,1,3,6,23,237,2,6,0,0,0,0,18,2,0,4,1,1,4,4,0,13,1,167,0,0,1,4,5,6,69,5,12,231,22,6,149,2,2,1,0,0,1,0,7,0,2,1,10,142,0,0,0,268,47,99,52,6,4,56,2,0,1,3,3,176,221,7,33,0,1,6,0,4,4,19,140,3,2,0,6,1,3,9,2,0,36,21,9,15,4,0,0,9,2,19,0,0,6,6,679,130,5,151,45,253,17,109,668,50,44,71,9,1,0,294,0,45,1,7,0,242,0,161,108,1219,187,1005,1050,702,873,42,1500,58,0,2,2,4,0,0,3,6,8,2,82,1,1,6,2,0,5,7,1,2,5,0,1,1,2,0,1,0,4,0,19,2,9,162,37,5,2,0,0,3,1,3,46,0,1,2,0,1,2,0,0,82,60,909,2,0,4,1,15,3,0,1,0,2,0,4,2,159,101,22,0,0,0,489,120,1,8,0,0,30,2,1,0,0,0,1,61,3,0,0,3,4,117,180,28,4,2,13,32,6,86,88,187,124,74,13,8,3,16,79,105,29,15,14,19,15,32,89,7,64,0
2019,Hispanic,Female,,2,38,15,68,59,709,118,238,2,20,6,6,49,36,10,3,21,11,41,21,143,10,226,2,4,3,3,76,11,7,11,8,17,9,19,3,18,3,39,4,6,67,74,19,31,304,84,38,581,489,11,99,6,7,9,4,11,8,0,13,3,13,4,14,47,6,5,4,241,89,106,76,19,25,33,4,1,8,14,8,77,141,3,39,1,4,19,3,19,12,15,57,31,157,8,51,20,29,17,3,28,68,60,42,49,2,6,3,19,51,203,44,15,60,47,205,248,51,62,205,269,62,95,862,164,191,195,180,40,1,62,9,149,4,19,16,114,16,128,122,494,341,391,277,315,728,48,861,43,5,6,66,150,5,2,18,13,17,16,94,7,5,53,6,2,15,14,18,8,38,183,1,6,5,5,6,1,10,24,97,33,34,282,100,10,2,8,4,2,3,9,47,3,7,17,4,11,0,1,19,87,53,523,13,2,7,4,73,21,2,11,2,44,3,4,1,313,233,22,1,9,1,138,67,11,9,10,9,37,3,5,8,3,5,1,58,15,5,7,43,10,29,1,24,11,4,5,15,42,166,1,5,4,12,8,2,7,9,51,13,91,11,23,39,1,12,4,17,104,0
2019,Hispanic,Male,,3,42,19,66,38,715,129,236,7,21,4,5,45,24,4,7,31,21,49,16,206,13,234,5,2,0,0,67,8,7,7,4,13,11,22,8,14,2,46,1,8,56,85,12,29,294,68,43,607,538,11,103,2,8,18,3,14,6,0,7,8,8,6,17,58,4,2,7,238,100,88,92,13,15,24,5,2,6,15,6,93,154,9,42,1,4,17,2,14,6,15,59,30,195,4,55,31,34,24,8,29,54,61,43,53,5,2,4,16,56,251,41,7,59,34,216,239,45,59,186,337,89,99,939,177,150,171,160,49,3,68,7,158,4,13,12,123,15,139,121,543,378,406,313,341,742,51,914,35,7,7,55,159,10,3,16,21,7,6,95,8,7,72,7,0,10,18,6,12,42,165,2,3,1,4,6,2,2,23,123,29,30,283,98,5,6,12,3,2,3,13,42,7,10,26,4,17,2,1,20,82,65,611,7,5,6,4,75,23,10,15,2,54,0,7,6,306,285,19,10,8,1,132,73,9,13,5,4,33,3,8,3,0,6,3,53,12,4,4,54,24,33,0,18,11,1,4,23,57,75,1,6,3,16,6,7,5,8,29,10,93,15,30,11,3,15,3,8,57,3
2019,Multiracial,Female,,4,9,3,45,47,319,81,86,4,4,9,1,49,13,6,3,6,3,19,13,116,16,7,3,4,1,3,16,19,7,15,7,12,0,11,3,28,3,73,1,4,1,5,2,5,49,19,17,119,28,13,115,3,4,5,4,10,4,2,23,9,1,3,21,63,3,5,4,167,51,162,47,12,23,27,3,3,2,16,8,66,93,17,32,1,6,21,3,7,10,18,70,12,22,1,5,7,4,13,9,18,39,36,34,30,3,1,1,12,10,28,9,2,7,10,54,51,10,19,37,8,4,16,38,18,20,30,2,18,1,80,3,38,7,20,6,57,4,39,90,151,106,90,125,111,150,31,130,8,4,0,4,12,5,3,15,7,12,17,123,4,6,9,3,0,14,26,4,3,9,2,0,6,8,6,4,6,4,4,29,11,3,76,37,9,6,8,2,4,11,9,38,4,1,4,1,2,2,3,7,73,44,243,5,1,7,1,21,3,8,6,2,15,3,5,4,45,81,21,4,5,2,285,132,11,10,8,1,50,2,5,0,8,4,5,80,15,0,0,16,12,11,5,20,15,5,4,15,3,5,4,2,4,7,0,8,9,7,32,9,6,9,8,10,6,9,4,12,79,1
2019,Multiracial,Male,,2,10,2,49,45,361,68,58,3,4,5,5,39,11,5,3,4,4,21,21,120,6,7,1,5,2,2,11,9,10,17,3,10,2,12,9,20,7,65,1,3,2,5,7,23,62,11,11,116,40,11,97,2,3,4,3,5,1,2,37,2,4,5,37,79,4,4,2,176,57,154,45,9,16,37,0,1,6,29,4,67,68,16,27,1,8,16,6,12,6,14,95,16,27,2,7,4,7,13,3,10,46,42,25,33,8,4,3,18,18,31,7,0,9,15,46,46,13,21,30,3,8,19,62,14,19,33,9,19,0,59,5,30,4,13,4,66,3,49,78,158,111,84,112,116,135,39,124,10,2,3,4,13,7,3,12,8,18,15,117,10,9,11,3,0,11,23,3,1,7,1,1,5,9,2,9,5,6,5,38,5,6,58,32,15,3,3,2,1,6,4,31,8,1,5,3,9,0,2,8,67,59,223,7,2,3,1,22,2,8,3,0,7,4,7,2,54,62,24,3,7,5,307,159,11,15,7,1,76,3,3,3,4,9,6,82,6,2,2,24,16,7,6,12,9,3,10,10,4,6,1,2,2,4,3,6,10,10,25,8,3,7,8,7,8,16,0,11,44,0
2019,Native Hawaiian or Other Pacific Islander,Female,,0,0,0,0,0,0,0,1,0,0,0,1,0,0,0,1,0,0,4,0,0,0,0,0,0,0,0,0,1,0,0,0,2,0,0,0,0,1,0,0,0,0,0,0,0,0,0,0,2,0,0,0,0,0,0,0,0,0,0,0,0,0,0,0,0,0,0,0,3,0,9,1,1,0,0,0,0,0,0,0,1,1,1,1,0,0,0,0,0,0,1,0,0,2,0,0,0,0,1,0,0,0,1,0,0,0,0,0,1,0,0,0,0,0,0,0,0,0,0,1,0,0,0,2,0,0,0,0,0,0,0,0,0,0,0,0,0,0,1,0,2,1,0,1,1,1,0,0,0,0,0,0,0,0,0,0,0,0,1,0,0,0,0,0,0,1,0,0,0,1,0,0,0,0,0,0,0,0,0,0,0,0,0,0,0,0,1,0,0,0,0,0,0,0,0,0,0,0,0,0,3,0,2,1,0,0,0,1,0,0,0,0,2,0,0,1,2,0,0,0,0,2,15,3,0,0,0,1,0,0,0,0,0,0,0,0,1,0,0,0,0,2,0,0,0,1,0,0,0,0,0,0,0,0,0,0,0,0,0,0,0,0,0,1,0,0,0,0,1,0
2019,Native Hawaiian or Other Pacific Islander,Male,,0,0,0,1,0,3,0,0,1,0,0,0,0,0,0,1,0,0,0,0,1,0,0,0,0,0,0,0,0,0,0,0,0,0,0,0,0,0,0,0,0,0,0,1,0,0,1,0,0,0,0,1,0,0,0,0,0,0,0,0,0,0,0,0,0,0,0,0,0,0,10,1,0,0,0,0,0,0,0,0,2,0,0,0,0,0,1,0,0,0,0,0,0,0,0,0,0,1,3,0,0,0,1,2,0,0,0,0,0,0,0,0,0,0,0,0,0,0,0,1,0,0,0,0,0,0,0,0,0,0,1,0,2,1,0,0,0,0,1,1,3,0,1,0,0,4,0,2,0,0,0,0,0,0,0,0,0,0,1,5,0,0,0,0,0,2,1,0,0,0,0,0,0,0,0,1,0,0,0,0,0,0,0,0,0,0,0,1,0,0,0,0,0,0,0,0,0,0,0,0,4,0,1,1,0,0,0,0,0,0,0,1,1,0,0,1,0,1,0,0,0,1,21,0,0,0,0,0,0,0,1,0,0,0,0,0,0,0,0,0,0,0,0,0,0,0,0,0,0,0,0,0,0,0,0,0,0,0,0,0,0,0,0,0,0,0,1,0,0,0
2019,White,Female,,183,280,138,957,1041,1747,1123,1385,123,240,219,230,817,399,283,148,173,183,610,145,915,610,209,145,214,111,128,260,559,388,318,312,327,177,495,126,340,119,372,134,180,201,428,211,229,408,589,362,757,392,468,1384,92,135,134,357,210,102,112,224,340,223,171,329,297,116,154,129,2406,904,1909,1299,537,642,520,190,126,330,395,262,1014,1017,344,716,83,215,429,140,284,234,365,492,637,509,270,459,213,453,373,150,545,682,1063,686,483,278,195,183,296,368,783,210,163,193,286,94,1150,484,84,1093,15,82,181,256,312,393,442,41,379,55,364,149,666,206,396,212,452,183,687,990,536,1197,134,435,595,775,320,287,126,107,100,172,353,122,117,275,244,251,331,1307,273,216,260,222,55,664,641,162,85,507,152,127,209,339,170,187,150,245,150,859,318,209,642,784,245,184,179,155,193,175,244,497,167,197,95,181,285,133,172,238,1291,538,791,360,157,199,86,470,265,197,253,33,386,118,256,180,525,1364,222,102,228,189,2248,1637,225,354,209,182,1376,261,207,124,163,217,179,430,347,93,91,313,491,34,1,277,159,62,87,89,26,64,0,0,0,24,41,80,134,95,316,6,18,34,58,87,41,75,4,172,1229,79
2019,White,Male,,164,293,161,1000,1018,1792,1153,1277,145,263,264,267,904,462,301,156,191,209,639,174,1036,605,211,161,221,108,155,281,608,402,294,332,347,196,541,124,330,132,482,131,185,189,482,237,259,381,591,398,737,375,497,1464,91,120,157,386,239,86,128,286,330,242,173,368,254,116,195,125,2557,980,1968,1270,565,706,546,188,117,327,424,289,1052,1037,387,722,91,210,449,193,245,241,371,536,717,582,272,446,217,448,396,196,570,810,1101,706,531,304,179,164,352,420,744,229,199,226,292,129,1217,499,96,1126,9,100,198,267,329,408,416,70,447,58,385,146,694,229,501,208,540,192,736,1037,563,1191,140,416,627,777,326,351,147,112,100,200,395,117,153,288,242,314,356,1427,262,260,266,289,71,692,628,196,111,552,170,120,222,370,176,209,170,285,163,844,362,225,760,873,308,242,162,202,218,160,254,377,176,199,113,184,367,154,199,292,1350,638,797,362,177,231,101,477,280,194,277,39,362,139,261,206,537,1460,243,117,246,216,2382,1835,233,396,209,178,1479,283,214,135,161,241,185,471,382,111,100,311,524,53,0,228,110,70,70,108,24,38,0,0,0,22,33,96,82,108,214,11,24,44,89,41,49,101,0,142,897,66
2020,American Indian,Female,,1,1,1,3,0,16,3,3,0,1,0,1,3,0,0,0,0,0,1,2,3,1,0,0,0,0,1,2,1,2,0,0,0,0,0,0,0,0,2,0,0,0,0,1,0,3,0,0,2,1,3,6,0,0,0,0,4,0,0,0,0,0,0,2,1,0,1,0,9,1,3,2,3,2,2,1,0,0,2,1,1,4,0,1,0,0,0,0,0,2,1,3,3,1,0,2,0,0,1,0,0,5,0,2,0,0,0,1,2,4,5,1,1,1,1,1,9,1,0,3,0,0,0,2,0,2,1,0,1,0,1,1,1,0,0,0,0,1,3,2,1,2,0,3,5,5,1,2,1,0,0,0,2,0,1,2,0,3,0,3,0,0,3,0,0,3,4,1,0,0,0,0,1,1,0,0,0,0,0,1,1,1,1,0,1,0,0,1,2,1,1,4,1,0,1,1,0,1,1,4,7,3,5,0,0,2,0,1,0,0,2,0,1,1,1,0,4,4,1,0,1,0,6,3,1,1,0,0,2,0,0,0,1,0,0,0,0,0,0,1,0,1,0,3,0,0,1,0,0,0,0,0,0,0,0,1,1,0,1,0,0,0,0,2,0,0,0,0,6,1
2020,American Indian,Male,,0,2,0,5,3,12,4,8,0,0,0,0,1,0,4,0,0,0,0,0,2,3,2,0,0,0,1,2,0,1,0,1,0,1,1,0,0,0,2,0,0,0,1,1,1,1,3,0,1,1,2,8,0,0,0,0,1,0,0,0,0,1,1,1,0,0,2,0,6,0,2,1,1,2,2,0,0,0,1,0,4,1,0,0,1,0,0,0,0,1,2,4,0,0,1,2,0,0,1,0,2,0,3,0,1,0,0,0,0,1,1,0,0,2,0,2,7,1,2,5,1,0,0,2,0,5,1,0,0,0,2,1,1,0,0,0,1,0,2,2,2,1,0,2,3,3,0,1,0,0,0,0,0,0,0,0,0,2,0,2,2,0,0,0,0,1,2,4,0,1,0,0,0,2,0,2,0,1,0,4,0,0,5,2,0,0,0,0,2,1,0,3,3,0,0,1,0,0,0,2,5,2,9,1,1,1,0,2,0,0,2,1,3,0,0,0,4,2,0,0,0,0,7,5,1,4,0,0,3,0,2,0,0,0,0,2,0,1,1,2,7,0,0,3,0,0,0,0,0,0,0,0,0,0,0,1,1,0,0,0,0,0,0,0,0,2,0,0,7,0
2020,Asian,Female,,4,2,10,67,46,282,186,95,6,2,0,1,54,7,8,0,0,2,7,1,14,2,2,1,0,1,1,4,3,0,8,0,1,2,7,2,16,0,1,2,1,2,15,2,2,13,8,6,23,16,5,43,1,1,0,2,1,0,0,7,6,5,0,4,12,1,0,1,239,34,387,28,7,9,19,0,0,8,6,2,41,80,4,38,1,2,2,2,4,4,7,14,5,8,1,3,1,2,8,0,1,84,59,11,15,4,0,0,8,5,11,2,2,3,3,8,45,3,0,42,0,0,3,3,8,3,54,1,1,0,5,1,4,3,4,1,4,1,7,93,34,515,38,14,71,15,4,17,17,3,0,1,3,3,2,1,0,1,2,84,5,1,10,0,0,11,8,0,0,9,1,1,1,6,0,8,0,3,2,20,1,0,10,27,2,2,4,0,1,0,2,5,1,0,0,0,6,1,2,1,108,2,34,3,1,1,2,9,4,0,0,1,5,0,1,1,11,23,82,0,0,3,58,43,5,0,2,1,40,5,0,0,0,7,0,16,5,0,0,2,1,0,0,2,35,0,3,0,0,11,0,0,0,0,4,3,23,2,10,0,1,0,0,119,1,3,0,0,28,0
2020,Asian,Male,,1,2,2,44,47,239,169,71,3,0,1,0,49,4,1,1,0,2,4,2,22,3,0,0,0,1,0,4,1,1,1,0,2,2,4,1,9,4,2,0,2,1,5,0,1,7,13,0,20,13,2,28,0,0,0,1,1,1,0,5,0,0,2,1,7,1,2,1,238,31,327,42,5,4,11,0,0,1,2,4,44,98,3,23,1,1,2,0,1,2,6,23,1,9,1,1,3,2,7,1,0,94,52,15,18,3,0,0,3,0,13,0,3,8,5,9,58,1,0,38,0,0,2,6,7,5,46,2,2,1,4,0,3,0,1,1,2,1,13,104,28,520,35,11,75,17,4,19,16,0,0,2,1,0,1,2,0,2,1,80,2,1,4,0,0,3,3,0,0,9,1,2,0,4,0,1,0,1,2,6,3,0,12,24,0,2,0,0,0,0,2,5,1,2,0,2,2,0,0,2,91,2,37,2,0,1,0,16,1,0,0,0,2,0,1,1,4,38,86,0,1,1,33,43,1,4,1,0,33,0,0,0,0,0,0,10,3,0,2,2,5,0,0,1,36,1,1,2,0,13,1,0,0,0,4,5,16,5,3,1,0,0,0,73,0,1,0,0,8,0
2020,Black,Female,,1,3,1,64,22,983,175,34,1,1,0,0,18,10,0,0,3,0,8,24,206,2,4,1,1,0,2,8,2,1,6,0,0,5,1,0,25,2,148,0,1,3,2,3,7,72,10,7,226,25,5,154,0,1,0,1,3,0,1,14,0,2,0,6,120,1,0,3,301,36,86,48,1,2,53,0,0,0,4,0,165,234,8,22,0,1,9,0,3,1,17,124,3,6,0,2,3,3,7,1,0,37,30,8,15,3,1,0,8,3,20,0,1,3,11,682,109,4,117,44,209,14,72,626,37,54,74,7,5,0,262,0,33,0,9,1,209,0,129,127,1178,173,977,1001,748,984,57,1298,65,0,1,2,5,0,0,7,4,9,2,87,1,0,6,4,0,3,1,0,1,3,1,0,0,1,0,0,0,1,4,22,1,1,172,39,3,1,2,0,0,0,2,142,0,1,2,1,1,1,0,0,71,70,849,1,0,3,1,16,2,4,0,0,2,2,0,1,177,85,18,0,1,2,493,103,2,4,2,1,17,2,0,0,1,0,2,56,3,0,0,3,3,96,117,58,9,1,9,22,8,113,105,166,153,75,12,7,11,11,147,74,31,10,20,35,4,52,105,0,114,1
2020,Black,Male,,1,1,4,60,31,1055,194,46,0,3,0,1,26,12,0,1,1,0,10,20,245,2,4,0,0,0,0,22,0,0,1,1,2,3,4,0,15,1,165,0,0,1,3,4,8,52,7,13,238,27,3,151,3,2,0,0,1,0,0,6,0,2,1,10,127,0,0,0,270,43,113,52,5,4,57,0,0,3,3,1,198,226,7,37,0,1,5,0,5,3,10,144,2,6,0,2,1,1,9,0,1,46,30,12,21,4,0,0,8,3,14,1,1,6,6,689,134,8,151,50,248,28,84,665,36,50,72,13,3,1,277,1,38,1,6,0,229,0,177,140,1153,203,1014,1019,700,914,47,1427,64,0,0,1,2,0,0,7,4,3,2,89,0,0,6,3,0,5,6,0,2,1,0,0,1,1,0,0,1,4,1,14,0,8,154,39,5,2,1,1,2,1,1,100,1,1,4,0,1,2,0,1,102,82,828,2,0,3,0,21,1,1,1,1,3,3,3,1,145,93,22,0,0,0,545,119,2,12,2,1,29,1,1,0,0,0,1,60,4,0,1,4,6,135,148,41,5,2,18,25,10,86,94,184,152,80,9,6,3,16,93,112,32,11,18,16,14,38,75,0,81,3
2020,Hispanic,Female,,5,38,11,84,58,776,135,276,4,23,6,10,45,40,13,3,23,11,39,18,169,9,238,3,4,4,7,72,9,2,11,10,16,4,21,5,18,5,42,4,6,56,74,19,35,302,86,41,591,514,16,118,8,4,12,6,16,7,2,11,5,12,2,13,49,3,1,5,235,102,103,91,19,21,35,6,1,10,22,3,89,145,7,48,1,7,17,4,22,12,13,60,32,182,9,65,26,29,10,7,38,62,58,48,61,12,6,2,19,44,201,37,14,57,48,186,258,50,73,208,243,64,92,845,175,188,194,201,43,1,74,9,149,4,17,16,130,14,117,128,568,365,419,296,338,745,45,911,49,7,5,67,141,5,3,21,19,17,15,87,10,6,58,8,2,13,17,19,14,42,173,1,5,5,3,7,4,8,18,111,30,31,295,102,9,2,6,6,2,5,10,90,3,6,22,4,17,0,1,27,80,61,543,14,5,6,4,79,25,1,14,1,49,3,3,1,321,270,17,2,10,4,158,64,13,10,4,9,41,0,6,6,2,5,3,61,15,3,9,44,12,25,1,55,11,2,10,23,52,194,3,4,9,16,9,3,11,16,61,15,99,12,23,32,2,14,5,0,134,2
2020,Hispanic,Male,,5,36,20,83,50,744,126,254,7,20,3,8,51,29,8,8,24,19,49,23,223,12,234,5,5,0,0,69,8,8,10,7,12,7,22,9,12,3,37,1,8,59,100,15,32,318,78,48,622,544,10,96,4,8,14,2,16,8,0,10,12,7,6,15,64,2,3,10,258,107,89,95,15,21,36,5,2,8,17,5,91,159,12,44,1,4,13,1,13,6,9,58,31,251,5,52,39,39,23,6,31,57,68,43,56,10,5,5,16,62,246,43,11,62,38,193,271,54,71,193,321,92,97,938,183,152,173,155,51,0,78,11,147,7,10,14,135,8,166,133,592,394,437,320,370,777,55,973,40,10,6,68,147,10,2,23,15,7,8,105,8,5,63,7,0,15,13,4,17,35,167,4,5,2,2,3,3,3,25,138,24,29,284,95,8,5,9,3,3,5,8,63,10,11,30,6,14,3,2,24,90,69,619,9,8,9,4,87,30,12,11,1,52,1,8,5,315,301,26,14,10,4,163,78,13,18,7,6,30,3,10,4,2,5,3,70,14,0,5,52,23,38,3,26,11,1,9,28,51,69,2,12,6,20,6,7,1,5,47,8,86,16,28,16,3,17,4,0,80,2
2020,Multiracial,Female,,2,10,2,51,51,362,84,80,5,6,12,3,54,14,2,2,9,6,21,11,114,13,8,4,5,2,3,14,17,8,14,5,12,1,11,3,25,3,69,1,4,2,9,2,9,49,20,18,119,32,9,110,1,3,4,4,12,3,1,21,7,3,4,20,69,3,5,5,177,54,170,48,11,21,27,3,0,3,16,5,68,80,13,37,2,5,18,3,9,11,17,70,13,20,2,5,7,4,20,7,20,48,36,36,29,8,0,2,10,11,31,6,1,6,15,57,37,12,19,49,7,8,13,45,17,16,23,3,18,0,80,4,46,6,17,7,65,4,52,80,162,103,92,124,116,139,36,124,13,4,1,3,13,4,2,20,11,13,15,123,5,6,13,3,1,13,19,5,2,11,3,1,6,6,6,2,4,4,3,28,8,4,78,36,12,7,6,4,3,12,8,61,2,3,3,2,4,3,5,7,68,46,212,6,1,6,1,25,3,6,7,1,14,3,7,6,62,72,17,5,9,2,287,129,11,14,9,2,60,3,4,3,8,7,7,71,12,0,0,16,18,8,6,26,18,6,4,17,4,5,3,1,4,6,0,10,9,6,40,21,5,3,7,9,5,11,5,0,89,1
2020,Multiracial,Male,,1,8,1,52,49,364,68,61,3,6,6,5,45,16,9,4,3,7,25,15,121,8,4,1,5,1,3,6,9,6,19,3,10,1,16,4,18,7,78,1,3,1,9,5,25,53,12,14,128,36,11,106,3,2,3,4,8,3,2,35,4,4,4,35,76,1,2,2,173,62,169,54,15,15,32,2,3,8,26,6,69,73,16,24,1,10,16,5,17,5,18,82,19,21,2,5,5,5,10,4,14,52,41,28,29,9,4,4,28,16,33,5,1,9,15,45,41,11,17,37,9,10,15,59,10,18,39,7,17,0,64,4,37,8,13,1,61,2,60,85,145,119,81,126,130,135,45,110,14,6,2,2,11,6,2,10,9,19,11,116,9,7,14,3,1,15,25,3,0,10,2,1,4,5,2,12,8,4,4,35,8,7,52,36,12,5,3,2,1,5,4,38,4,2,3,5,7,1,3,8,72,71,216,7,1,3,0,25,3,11,4,0,8,5,4,1,55,55,25,5,4,4,313,143,7,14,6,1,68,4,3,1,8,13,8,82,8,3,3,19,13,12,9,15,9,6,9,15,4,7,0,1,3,2,3,7,9,12,32,8,2,3,6,5,5,22,0,0,62,1
2020,Native Hawaiian or Other Pacific Islander,Female,,0,0,0,1,0,3,1,0,0,0,0,1,0,0,0,0,0,0,2,0,1,0,0,0,0,0,0,0,1,0,0,0,4,0,0,0,0,1,0,1,0,0,0,0,0,0,0,0,2,0,0,0,0,0,0,0,0,0,0,1,2,0,0,0,0,1,0,0,2,0,7,1,1,0,0,0,0,0,1,0,2,1,0,1,0,0,0,0,0,0,1,0,0,2,0,0,0,0,1,1,0,1,1,0,0,0,0,0,0,0,0,0,0,0,0,0,0,0,0,1,0,0,0,1,0,0,0,0,0,0,0,0,1,1,0,0,0,0,0,1,1,1,0,3,1,2,0,1,0,0,0,0,0,0,0,0,0,1,1,0,0,0,0,0,0,1,0,0,0,1,0,0,0,0,0,0,0,0,0,1,0,0,0,0,0,0,1,1,0,0,0,0,0,0,0,0,0,0,0,0,4,0,4,2,0,0,0,1,0,0,0,0,1,0,0,0,2,0,0,0,0,2,33,3,0,0,0,0,1,0,0,0,0,1,0,0,0,0,0,0,0,2,0,0,0,1,0,0,0,0,0,0,0,0,0,0,0,0,0,0,0,0,0,0,1,0,0,0,1,0
2020,Native Hawaiian or Other Pacific Islander,Male,,0,0,0,1,0,3,1,1,1,0,0,0,0,0,0,1,1,0,2,0,1,0,0,0,0,0,0,0,0,0,0,0,1,0,0,0,0,0,0,0,0,0,0,1,0,1,2,0,0,0,0,1,0,0,0,0,0,0,0,0,0,0,0,0,0,0,0,1,0,0,12,3,0,0,0,0,0,0,0,1,2,0,0,0,0,0,0,0,0,1,0,0,0,0,0,0,0,0,3,1,0,0,1,1,0,0,0,0,0,1,0,0,0,0,0,0,0,0,0,1,0,0,0,0,0,0,0,0,0,0,0,0,2,1,0,0,0,0,0,1,2,1,1,0,0,6,0,1,0,0,0,0,0,0,0,0,0,0,1,4,0,0,0,0,0,2,1,0,0,0,0,0,0,0,0,0,0,0,0,0,0,0,0,1,0,0,0,1,0,0,0,1,0,0,0,0,0,0,0,0,6,0,1,1,0,0,0,0,0,0,0,0,0,0,0,0,2,1,0,0,1,0,25,0,0,0,0,0,0,0,1,0,0,0,0,0,0,0,0,0,0,0,0,0,0,0,0,0,0,0,0,0,0,0,0,0,0,0,0,0,0,0,0,0,0,0,1,0,0,0
2020,White,Female,,162,283,144,954,1038,1693,1117,1362,129,254,213,235,844,383,262,144,180,182,584,148,876,594,184,142,216,124,134,237,550,362,300,313,341,187,479,122,323,127,357,119,182,193,418,203,255,390,557,350,719,366,454,1377,77,124,123,347,200,101,120,226,338,203,170,314,295,115,155,112,2470,922,1972,1267,525,648,487,193,121,315,442,267,983,967,331,718,81,194,425,142,289,240,354,479,644,491,247,461,209,418,368,150,546,673,1097,674,463,299,208,174,297,359,761,214,170,188,293,81,1110,456,88,1059,8,78,162,234,303,385,419,52,409,62,310,131,663,218,397,225,425,181,653,1023,508,1096,138,356,597,740,321,269,126,99,90,166,345,107,123,281,224,265,360,1276,253,213,268,232,62,649,611,158,92,472,161,126,193,323,159,184,147,245,137,815,326,205,601,746,245,175,163,171,203,152,231,777,146,198,99,179,271,131,146,264,1280,526,765,355,159,215,79,452,244,173,273,34,372,120,230,180,497,1340,204,101,219,195,2222,1661,208,344,201,193,1351,256,202,136,164,210,181,396,370,98,83,275,501,37,2,295,147,60,69,89,26,45,0,0,0,23,41,83,98,126,314,15,15,31,57,63,47,78,3,0,1392,81
2020,White,Male,,170,288,150,1011,1047,1704,1119,1253,136,260,263,271,899,460,269,154,205,214,655,158,955,583,206,142,215,96,155,281,656,367,313,322,307,208,543,116,319,121,451,148,187,176,449,252,254,360,590,424,726,372,499,1429,85,134,151,363,238,100,115,268,329,236,165,346,241,125,157,106,2634,1027,1960,1295,554,678,572,191,114,310,427,273,1044,1029,368,734,96,202,422,183,247,228,357,503,708,545,266,453,221,431,384,189,565,771,1128,694,506,301,165,186,323,411,715,241,186,221,287,117,1177,514,108,1119,8,95,194,248,301,395,409,52,439,47,390,138,703,207,491,227,530,198,678,1017,542,1180,132,402,593,809,293,298,132,116,98,185,374,114,138,254,234,282,347,1402,249,250,247,278,62,666,628,169,125,530,170,120,212,357,174,196,160,277,152,862,365,213,708,838,304,235,163,199,210,164,239,545,160,199,93,186,370,150,182,299,1339,598,745,368,167,242,92,467,268,188,277,42,337,136,260,202,512,1470,240,107,215,192,2361,1730,221,421,220,156,1441,262,195,134,147,254,188,423,401,93,105,325,505,56,1,266,116,68,84,126,29,24,0,0,0,16,28,92,56,127,201,7,23,38,78,29,53,105,1,0,971,74